date,equity,benchmark
2018-01-02,1000000.0,1000000.0
2018-01-03,1000000.0,1009716.7013691715
2018-01-04,1000000.0,1011483.3743453847
2018-01-05,1000000.0,1021641.7439586092
2018-01-08,1000000.0,1025616.7581550885
2018-01-09,1000000.0,1025679.8536185247
2018-01-10,1000000.0,1023282.2260079499
2018-01-11,1000000.0,1030285.8224493659
2018-01-12,1000000.0,1037857.2780617075
2018-01-16,1000000.0,1034891.7912802069
2018-01-17,1000000.0,1046059.6883084106
2018-01-18,1000000.0,1046248.9746987191
2018-01-19,1000000.0,1049529.9387974003
2018-01-22,1000000.0,1060760.9312890403
2018-01-23,1000000.0,1069531.2007066691
2018-01-24,1000000.0,1062590.6997286894
2018-01-25,1000000.0,1062212.1269480723
2018-01-26,1000000.0,1078490.7565146068
2018-01-29,1000000.0,1073253.8330494037
2018-01-30,1000000.0,1064420.4681683385
2018-01-31,1000000.0,1068837.1506088711
2018-02-01,1000000.0,1059751.4038740613
2018-02-02,1000000.0,1038614.4236229416
2018-02-05,1000000.0,997665.4678528614
2018-02-06,1000000.0,1024102.4670326202
2018-02-07,1000000.0,1010852.4197110226
2018-02-08,1000000.0,968199.8864281657
2018-02-09,1000000.0,984920.1842387532
2018-02-12,1000000.0,1002397.6276105748
2018-02-13,1000000.0,1007571.4556123414
2018-02-14,1000000.0,1026436.9991797591
2018-02-15,1000000.0,1045491.8291374849
2018-02-16,1000000.0,1040822.7648432078
2018-02-20,1000000.0,1042904.9151366017
2018-02-21,1000000.0,1039939.4283551011
2018-02-22,1000000.0,1039813.237428229
2018-02-23,1000000.0,1061076.408606221
2018-02-26,1000000.0,1075146.696952489
2018-02-27,1000000.0,1061833.5541674553
2018-02-28,1000000.0,1055019.244116348
2018-03-01,1000000.0,1037794.182598271
2018-03-02,1000000.0,1047321.5975771341
2018-03-05,1000000.0,1058931.162849391
2018-03-06,1000000.0,1063410.9407533596
2018-03-07,1000000.0,1065871.6638273709
2018-03-08,1000000.0,1071739.5419269355
2018-03-09,1000000.0,1092561.0448608745
2018-03-12,1000000.0,1098365.827497003
2018-03-13,1000000.0,1083412.2026626286
2018-03-14,1000000.0,1083222.9162723199
2018-03-15,1000000.0,1082276.4843207772
2018-03-16,1000000.0,1079058.615685532
2018-03-19,1000000.0,1054325.19401855
2018-03-20,1000000.0,1057795.44450754
2018-03-21,1000000.0,1053189.4756766986
2018-03-22,1000000.0,1027194.1447409932
2018-03-23,1000000.0,1000126.1909268722
2018-03-26,1000000.0,1037289.4188907817
2018-03-27,1000000.0,1003722.6323427346
2018-03-28,1000000.0,992176.1625339137
2018-03-29,1000000.0,1010347.6560035332
2018-04-02,1000000.0,981197.5518960186
2018-04-03,1000000.0,992239.25799735
2018-04-04,1000000.0,1007886.9329295224
2018-04-05,1000000.0,1013628.6201022146
2018-04-06,1000000.0,988264.2438008706
2018-04-09,1000000.0,995204.7447788502
2018-04-10,1000000.0,1017161.9660546407
2018-04-11,1000000.0,1011294.087955076
2018-04-12,1000000.0,1023471.5123982586
2018-04-13,1000000.0,1018171.4934696195
2018-04-16,1000000.0,1025932.2354722695
2018-04-17,1000000.0,1048015.647674932
2018-04-18,1000000.0,1050160.893431762
2018-04-19,1000000.0,1040507.2875260268
2018-04-20,1000000.0,1024039.3715691842
2018-04-23,1000000.0,1021452.4575683007
2018-04-24,1000000.0,999810.7136096915
2018-04-25,1000000.0,1001009.5274149788
2018-04-26,1000000.0,1022083.4122026626
2018-04-27,1000000.0,1022714.3668370245
2018-04-30,1000000.0,1015458.3885418638
2018-05-01,1000000.0,1027067.9538141207
2018-05-02,1000000.0,1021010.7893242475
2018-05-03,1000000.0,1020884.5983973753
2018-05-04,1000000.0,1040254.9056722821
2018-05-07,1000000.0,1048898.9841630387
2018-05-08,1000000.0,1047826.3612846235
2018-05-09,1000000.0,1059246.6401665718
2018-05-10,1000000.0,1070225.2508044671
2018-05-11,1000000.0,1069215.7233894884
2018-05-14,1000000.0,1071045.4918291376
2018-05-15,1000000.0,1059183.544703136
2018-05-16,1000000.0,1066187.1411445516
2018-05-17,1000000.0,1062085.9360212001
2018-05-18,1000000.0,1056596.6307022525
2018-05-21,1000000.0,1062527.6042652533
2018-05-22,1000000.0,1061139.5040696573
2018-05-23,1000000.0,1070099.0598775947
2018-05-24,1000000.0,1069783.5825604137
2018-05-25,1000000.0,1070856.2054388288
2018-05-29,1000000.0,1066124.0456811155
2018-05-30,1000000.0,1073758.5967568932
2018-05-31,1000000.0,1073064.5466590952
2018-06-01,1000000.0,1089911.035396555
2018-06-04,1000000.0,1099753.927692599
2018-06-05,1000000.0,1103161.0827181526
2018-06-06,1000000.0,1109596.8199886428
2018-06-07,1000000.0,1100574.1687172693
2018-06-08,1000000.0,1100637.2641807054
2018-06-11,1000000.0,1103602.7509622057
2018-06-12,1000000.0,1109407.5335983343
2018-06-13,1000000.0,1109344.438134898
2018-06-14,1000000.0,1120575.430626538
2018-06-15,1000000.0,1116663.5118934948
2018-06-18,1000000.0,1113634.9296485581
2018-06-19,1000000.0,1110480.1564767493
2018-06-20,1000000.0,1118367.0894062717
2018-06-21,1000000.0,1108650.3880371002
2018-06-22,1000000.0,1106189.6649630892
2018-06-25,1000000.0,1081266.9569057985
2018-06-26,1000000.0,1085683.639346331
2018-06-27,1000000.0,1070919.3009022651
2018-06-28,1000000.0,1080131.2385639471
2018-06-29,1000000.0,1083033.6298820113
2018-07-02,1000000.0,1090289.608177172
2018-07-03,1000000.0,1077670.515489936
2018-07-05,1000000.0,1091046.753738406
2018-07-06,1000000.0,1108019.4334027385
2018-07-09,1000000.0,1117988.5166256544
2018-07-10,1000000.0,1118808.7576503248
2018-07-11,1000000.0,1113130.1659410687
2018-07-12,1000000.0,1132311.1868256673
2018-07-13,1000000.0,1133257.61877721
2018-07-16,1000000.0,1130544.5138494542
2018-07-17,1000000.0,1137421.9193639979
2018-07-18,1000000.0,1135276.6736071676
2018-07-19,1000000.0,1129598.0818979114
2018-07-20,1000000.0,1129345.700044167
2018-07-23,1000000.0,1132942.141460029
2018-07-24,1000000.0,1137611.2057543062
2018-07-25,1000000.0,1153511.2625402233
2018-07-26,1000000.0,1136033.8191684019
2018-07-27,1000000.0,1120701.6215534103
2018-07-30,1000000.0,1104864.6602309293
2018-07-31,1000000.0,1113319.4523313772
2018-08-01,1000000.0,1117546.8483816013
2018-08-02,1000000.0,1132752.8550697204
2018-08-03,1000000.0,1136223.1055587104
2018-08-06,1000000.0,1142911.224682945
2018-08-07,1000000.0,1147075.525269733
2018-08-08,1000000.0,1148463.625465329
2018-08-09,1000000.0,1147769.575367531
2018-08-10,1000000.0,1138999.3059499022
2018-08-13,1000000.0,1137737.3966811786
2018-08-14,1000000.0,1144867.1840494666
2018-08-15,1000000.0,1130859.991166635
2018-08-16,1000000.0,1134582.6235093696
2018-08-17,1000000.0,1134835.0053631144
2018-08-20,1000000.0,1133825.4779481355
2018-08-21,1000000.0,1137989.7785349234
2018-08-22,1000000.0,1142406.4609754558
2018-08-23,1000000.0,1140765.9789261152
2018-08-24,1000000.0,1151366.0167833932
2018-08-27,1000000.0,1163101.7729825226
2018-08-28,1000000.0,1164805.3504952993
2018-08-29,1000000.0,1178244.6842072054
2018-08-30,1000000.0,1176162.5339138114
2018-08-31,1000000.0,1177676.8250362799
2018-09-04,1000000.0,1172629.1879613856
2018-09-05,1000000.0,1157486.2767367025
2018-09-06,1000000.0,1147138.6207331694
2018-09-07,1000000.0,1142721.9382926368
2018-09-10,1000000.0,1146570.7615622436
2018-09-11,1000000.0,1155404.1264433085
2018-09-12,1000000.0,1151996.9714177551
2018-09-13,1000000.0,1164300.5867878099
2018-09-14,1000000.0,1160893.4317622564
2018-09-17,1000000.0,1144173.1339516689
2018-09-18,1000000.0,1153637.4534670957
2018-09-19,1000000.0,1152754.116978989
2018-09-20,1000000.0,1165499.400593097
2018-09-21,1000000.0,1159126.7587860432
2018-09-24,1000000.0,1160262.4771278945
2018-09-25,1000000.0,1161839.8637137988
2018-09-26,1000000.0,1162660.1047384692
2018-09-27,1000000.0,1172502.9970345134
2018-09-28,1000000.0,1172250.6151807683
2018-10-01,1000000.0,1174648.2427913432
2018-10-02,1000000.0,1171998.2333270237
2018-10-03,1000000.0,1173260.1425957473
2018-10-04,1000000.0,1150735.0621490313
2018-10-05,1000000.0,1136664.7738027635
2018-10-08,1000000.0,1129724.2728247838
2018-10-09,1000000.0,1133383.8097040823
2018-10-10,1000000.0,1083538.3935895008
2018-10-11,1000000.0,1070099.0598775947
2018-10-12,1000000.0,1099880.118619471
2018-10-15,1000000.0,1086566.9758344374
2018-10-16,1000000.0,1118177.803015963
2018-10-17,1000000.0,1118619.4712600163
2018-10-18,1000000.0,1092687.235787747
2018-10-19,1000000.0,1091677.708372768
2018-10-22,1000000.0,1097293.2046185879
2018-10-23,1000000.0,1093255.0949586725
2018-10-24,1000000.0,1043220.3924537826
2018-10-25,1000000.0,1079310.997539277
2018-10-26,1000000.0,1051548.993627358
2018-10-29,1000000.0,1029907.2496687487
2018-10-30,1000000.0,1046879.9293330808
2018-10-31,1000000.0,1071487.1600731905
2018-11-01,1000000.0,1085620.5438828948
2018-11-02,1000000.0,1068710.9596819987
2018-11-05,1000000.0,1066060.9502176794
2018-11-06,1000000.0,1074137.1695375103
2018-11-07,1000000.0,1107830.1470124298
2018-11-08,1000000.0,1100763.4551075778
2018-11-09,1000000.0,1082213.3888573411
2018-11-12,1000000.0,1049466.8433339642
2018-11-13,1000000.0,1050350.1798220708
2018-11-14,1000000.0,1042337.055965676
2018-11-15,1000000.0,1060571.6448987317
2018-11-16,1000000.0,1056849.0125559971
2018-11-19,1000000.0,1022525.0804467158
2018-11-20,1000000.0,1004227.396050224
2018-11-21,1000000.0,1011861.9471260015
2018-11-23,1000000.0,1004542.8733674049
2018-11-26,1000000.0,1027762.0039119186
2018-11-27,1000000.0,1031232.2544009085
2018-11-28,1000000.0,1064420.4681683385
2018-11-29,1000000.0,1060950.2176793488
2018-11-30,1000000.0,1068647.8642185626
2018-12-03,1000000.0,1087324.1213956717
2018-12-04,1000000.0,1045618.0200643572
2018-12-06,1000000.0,1053000.18928639
2018-12-07,1000000.0,1018234.5889330555
2018-12-10,1000000.0,1028897.7222537699
2018-12-11,1000000.0,1032304.8772793238
2018-12-12,1000000.0,1041390.6240141332
2018-12-13,1000000.0,1041706.1013313143
2018-12-14,1000000.0,1016341.7250299704
2018-12-17,1000000.0,993311.880875765
2018-12-18,1000000.0,999558.3317559466
2018-12-19,1000000.0,975014.1964792731
2018-12-20,1000000.0,960880.8126695689
2018-12-21,1000000.0,931099.7539276925
2018-12-24,1000000.0,905419.9003091678
2018-12-26,1000000.0,961953.4355479841
2018-12-27,1000000.0,965676.0678907187
2018-12-28,1000000.0,965171.3041832291
2018-12-31,1000000.0,973310.6189664962
2019-01-02,1000000.0,977222.5376995393
2019-01-03,1000000.0,945296.2332008327
2019-01-04,1000000.0,985740.4252634235
2019-01-07,1000000.0,997476.1814625527
2019-01-08,1000000.0,1006498.8327339264
2019-01-09,1000000.0,1014701.2429806297
2019-01-10,1000000.0,1017603.6342986939
2019-01-11,1000000.0,1013881.0019559592
2019-01-14,1000000.0,1004921.4461480221
2019-01-15,1000000.0,1024544.1352766736
2019-01-16,1000000.0,1024354.848886365
2019-01-17,1000000.0,1032431.068206196
2019-01-18,1000000.0,1042652.5332828569
2019-01-22,1000000.0,1021767.9348854816
2019-01-23,1000000.0,1023092.9396176414
2019-01-24,1000000.0,1029717.9632784401
2019-01-25,1000000.0,1042021.5786484953
2019-01-28,1000000.0,1029150.1041075146
2019-01-29,1000000.0,1019433.4027383429
2019-01-30,1000000.0,1045365.6382106127
2019-01-31,1000000.0,1061013.313142785
2019-02-01,1000000.0,1056533.5352388162
2019-02-04,1000000.0,1069657.3916335416
2019-02-05,1000000.0,1079121.7111489684
2019-02-06,1000000.0,1075903.8425137233
2019-02-07,1000000.0,1061454.9813868382
2019-02-08,1000000.0,1063537.1316802322
2019-02-11,1000000.0,1062527.6042652533
2019-02-12,1000000.0,1078238.3746608617
2019-02-13,1000000.0,1078995.520222096
2019-02-14,1000000.0,1080320.524954256
2019-02-15,1000000.0,1084863.3983216607
2019-02-19,1000832.730794,1087008.6440784908
2019-02-20,1006464.9008815,1086819.3576881823
2019-02-21,1009965.4575739,1082844.343491703
2019-02-22,1012818.4575739,1090857.4673480976
2019-02-25,1012657.4575739,1094832.4815445768
2019-02-26,1011437.4575739,1095968.1998864282
2019-02-27,1008815.4575739,1095274.1497886302
2019-02-28,999825.6585639,1092750.331251183
2019-03-01,1028502.7530954,1100321.7868635245
2019-03-04,1012773.7530954,1100511.073253833
2019-03-05,1007955.6906647,1101331.3142785032
2019-03-06,1008336.6906647,1095084.8633983217
2019-03-07,1018874.7574212,1081645.5296864156
2019-03-08,1018771.7574212,1080005.0476370747
2019-03-11,1036631.7574212,1102467.0326203546
2019-03-12,1038488.1654144002,1108524.1971102278
2019-03-13,1047414.1654144002,1116852.7982838033
2019-03-14,1048027.1654144002,1114959.934380718
2019-03-15,1055467.0086,1125307.5903842514
2019-03-18,1056649.9052653,1125938.545018613
2019-03-19,1059398.9052653,1129724.2728247838
2019-03-20,1055503.9052653,1134204.0507287525
2019-03-21,1074978.9052653,1151933.8759543188
2019-03-22,1059818.9052653,1126632.595116411
2019-03-25,1058907.9052653,1124487.349359581
2019-03-26,1067964.1245462,1129724.2728247838
2019-03-27,1062220.1245462,1122468.2945296234
2019-03-28,1055816.9722180003,1125055.2085305066
2019-03-29,1064496.7558160003,1133573.0960943908
2019-04-01,1072123.7558160003,1148589.8163922012
2019-04-02,1072969.3799078004,1152943.4033692975
2019-04-03,1083296.3799078004,1159568.4270300965
2019-04-04,1078624.6373926003,1159126.7587860432
2019-04-05,1086795.6373926003,1165120.8278124803
2019-04-08,1083123.6373926003,1168086.3145939806
2019-04-09,1077434.1036787003,1163985.109470629
2019-04-10,1085498.1036787003,1170231.5603508106
2019-04-11,1089311.1036787003,1167455.359959619
2019-04-12,1095101.1036787003,1172502.9970345134
2019-04-15,1097396.1036787003,1172692.2834248217
2019-04-16,1098687.1036787003,1176730.393084737
2019-04-17,1099483.1036787003,1180831.598208089
2019-04-18,1100260.1218039002,1182345.8893305568
2019-04-22,1103185.1218039002,1185689.9488926744
2019-04-23,1116972.1218039002,1200769.7646539214
2019-04-24,1112880.4371002002,1196984.0368477507
2019-04-25,1111763.8516375003,1201842.3875323364
2019-04-26,1122742.3500140002,1202915.0104107512
2019-04-29,1123739.2472668001,1205249.5425578903
2019-04-30,1135588.2472668001,1195911.4139693354
2019-05-01,1126851.1608625003,1192062.5906997286
2019-05-02,1132886.5334175003,1186888.762697962
2019-05-03,1142050.5334175003,1205817.4017288156
2019-05-06,1133435.6497168003,1198435.2325067827
2019-05-07,1117318.6497168003,1175089.9110353964
2019-05-08,1109143.4716643002,1172124.424253896
2019-05-09,1108808.4716643002,1165814.8779102783
2019-05-10,1111104.4716643002,1167266.0735693104
2019-05-13,1095287.8818813004,1126758.7860432835
2019-05-14,1106513.1387994003,1139125.4968767744
2019-05-15,1113257.1387994003,1155214.8400530003
2019-05-16,1122410.1387994003,1166824.405325257
2019-05-17,1113739.1780671002,1154899.3627358193
2019-05-20,1105909.1780671002,1135402.86453404
2019-05-21,1108925.6515675003,1147264.8116600418
2019-05-22,1107178.6515675003,1142154.079121711
2019-05-23,1095266.6515675003,1124676.6357498893
2019-05-24,1099045.7381991004,1124108.776578964
2019-05-28,1093617.7381991004,1119881.38052874
2019-05-29,1088807.6146417004,1110669.4428670579
2019-05-30,1092298.6146417004,1115338.507161335
2019-05-31,1083659.6146417004,1097545.5864723325
2019-06-03,1072245.8152051002,1073380.0239762762
2019-06-04,1074467.0664439,1103602.7509622057
2019-06-05,1073085.2980285003,1111805.161208909
2019-06-06,1075277.1136901001,1120638.526089974
2019-06-07,1080312.1136901001,1142280.2700485834
2019-06-10,1083150.5073853002,1155593.412833617
2019-06-11,1074637.5073853002,1157170.7994195218
2019-06-12,1077435.5073853002,1150482.6802952867
2019-06-13,1069389.5073853002,1157296.9903463938
2019-06-14,1072343.6309199003,1152375.5441983722
2019-06-17,1071118.6309199003,1159316.0451763517
2019-06-18,1070768.6309199003,1176162.5339138114
2019-06-19,1078470.3335924004,1180579.216354344
2019-06-20,1080468.3335924004,1191557.826992239
2019-06-21,1077849.3335924004,1189791.1540160263
2019-06-24,1076035.2822750004,1187204.2400151428
2019-06-25,1063453.2822750004,1166824.405325257
2019-06-26,1055229.8782834003,1172250.6151807683
2019-06-27,1058198.7934177003,1176730.393084737
2019-06-28,1060714.7934177003,1178244.6842072054
2019-07-01,1064019.7125743004,1194144.7409931226
2019-07-02,1062875.7125743004,1198876.900750836
2019-07-03,1068788.7125743004,1207899.5520222096
2019-07-05,1069045.7125743004,1205438.8289481986
2019-07-08,1059865.7125743004,1196984.0368477507
2019-07-09,1063542.7125743004,1202978.1058741875
2019-07-10,1071610.7125743004,1214966.2439270616
2019-07-11,1076913.2380505004,1214082.907438955
2019-07-12,1085649.2380505004,1221086.5038803709
2019-07-15,1085557.2380505004,1224998.422613414
2019-07-16,1078201.2380505004,1218688.8762697962
2019-07-17,1084721.2380505004,1212694.807243359
2019-07-18,1092041.1573627004,1214082.907438955
2019-07-19,1083668.1573627004,1205186.4470944537
2019-07-22,1090737.0612377003,1214776.957536753
2019-07-23,1096733.0612377003,1222726.9859297117
2019-07-24,1100793.7878737003,1231307.9689570318
2019-07-25,1090820.8938365004,1219635.308221339
2019-07-26,1091921.5622071004,1232191.3054451384
2019-07-29,1084816.0547573003,1227963.9093949143
2019-07-30,1083458.0547573003,1222663.8904662754
2019-07-31,1075250.0547573003,1205754.3062653795
2019-08-01,1060886.6593265003,1199760.2372389424
2019-08-02,1044778.1345986004,1182093.5074768125
2019-08-05,1016831.5001788004,1140324.3106820618
2019-08-06,1015565.1492559004,1156287.462931415
2019-08-07,1021577.6188806004,1162533.9138115968
2019-08-08,1024225.6188806004,1187835.1946495045
2019-08-09,1020229.6188806004,1176667.2976213011
2019-08-12,1016793.6188806004,1163164.8684459585
2019-08-13,1016513.6149802004,1188655.435674175
2019-08-14,1014941.6149802004,1153132.689759606
2019-08-15,1014869.6149802004,1151807.6850274466
2019-08-16,1016117.6149802004,1170294.6558142467
2019-08-19,1019309.6149802004,1188907.8175279198
2019-08-20,1021193.6149802004,1179695.8798662375
2019-08-21,1024529.6149802004,1190169.726796643
2019-08-22,1022345.6149802004,1186320.9035270363
2019-08-23,1014091.3058114004,1148779.1027825098
2019-08-26,1018361.3058114004,1166130.3552274592
2019-08-27,1016009.3058114004,1163669.6321534482
2019-08-28,1015887.1627774003,1167833.932740236
2019-08-29,1017303.1627774003,1185689.9488926744
2019-08-30,1016787.1627774003,1182850.6530380466
2019-09-03,1016415.1627774003,1171367.2786926618
2019-09-04,1017711.1627774003,1188276.862893558
2019-09-05,1016043.1627774003,1210044.7977790397
2019-09-06,1015335.1627774003,1208845.9839737522
2019-09-09,1012438.6187230004,1206322.165436305
2019-09-10,1004938.6187230004,1202851.9149473151
2019-09-11,996880.9922766003,1214146.0029023914
2019-09-12,998787.0198498003,1219193.6399772856
2019-09-13,998787.0198498003,1214840.0530001894
2019-09-16,998787.0198498003,1209413.8431446778
2019-09-17,998787.0198498003,1215218.6257808062
2019-09-18,998787.0198498003,1214713.862073317
2019-09-19,1000891.9482894003,1216732.9169032746
2019-09-20,1000003.9482894003,1203861.4423622943
2019-09-23,997939.9482894003,1201968.5784592086
2019-09-24,997123.9482894003,1186005.4262098554
2019-09-25,1000555.9482894003,1199318.5689948893
2019-09-26,1002811.9482894003,1194901.8865543567
2019-09-27,1000879.9482894003,1180074.4526468548
2019-09-30,1002619.9482894003,1191305.4451384945
2019-10-01,1000075.9482894003,1181588.743769323
2019-10-02,998515.9482894003,1161272.0045428732
2019-10-03,998347.9482894003,1174017.2881569816
2019-10-04,1001611.9482894003,1191305.4451384945
2019-10-07,1002475.9482894003,1187709.0037226323
2019-10-08,999404.0393358003,1169916.0830336297
2019-10-09,1000760.0393358003,1181336.3619155781
2019-10-10,1003504.0393358003,1190485.204113824
2019-10-11,1008116.0393358003,1205817.4017288156
2019-10-14,1010466.1573764003,1205691.2108019432
2019-10-15,1023968.1573764003,1221023.408416935
2019-10-16,1010614.1573764003,1217994.8261719982
2019-10-17,1012706.6723049004,1221212.6948072433
2019-10-18,1007534.6723049004,1209476.938608114
2019-10-21,1017546.6723049004,1220203.1673922644
2019-10-22,1010271.6723049004,1210486.4660230926
2019-10-23,999600.6723049004,1212820.9981702317
2019-10-24,1005654.5304624003,1224619.849832797
2019-10-25,1011885.5304624003,1234399.6466654046
2019-10-28,1017576.5304624003,1246577.0711085873
2019-10-29,1010311.6639955003,1236923.4652028517
2019-10-30,1012716.0298210003,1242917.5342292888
2019-10-31,1009812.6000015003,1243485.3934002146
2019-11-01,1030153.6000015003,1254779.4813552906
2019-11-04,1042140.6000015003,1262540.2233579403
2019-11-05,1048430.5900015003,1263234.2734557386
2019-11-06,1034822.6000015003,1260394.9776011102
2019-11-07,1040426.5900015003,1264622.3736513346
2019-11-08,1044300.6000015003,1269670.0107262286
2019-11-11,1040768.5900015003,1267966.4332134519
2019-11-12,1042872.6405498004,1271625.9700927502
2019-11-13,1042644.6505498004,1271941.447409931
2019-11-14,1041355.6405498004,1270931.9199949522
2019-11-15,1046884.6405498004,1280270.0485835068
2019-11-18,1047545.3994058003,1281279.5759984856
2019-11-19,1044421.3994058003,1283172.439901571
2019-11-20,1043304.0934978004,1275474.7933623572
2019-11-21,1044214.0934978004,1272635.4975077289
2019-11-22,1045936.0934978004,1273455.7385323995
2019-11-25,1063477.7741480034,1288535.5542936462
2019-11-26,1061137.0447844034,1290996.2773676573
2019-11-27,1066422.5311035034,1300018.9286390308
2019-11-29,1061271.5311035034,1294087.95507603
2019-12-02,1048494.5311035033,1280837.9077544322
2019-12-03,1040300.0279985033,1270805.72906808
2019-12-04,1044363.0279985033,1277241.4663385702
2019-12-05,1044696.0279985033,1279765.2848760176
2019-12-06,1051331.0279985033,1293457.000441668
2019-12-09,1047749.0279985033,1287589.1223421034
2019-12-10,1049648.0279985033,1286516.4994636886
2019-12-11,1055609.7292321033,1293330.8095147957
2019-12-12,1064570.3695431033,1302984.4154205313
2019-12-13,1057867.2106584033,1307274.9069341912
2019-12-16,1063463.6045520033,1320398.7633289166
2019-12-17,1065554.6029142034,1321155.9088901505
2019-12-18,1065355.6029142034,1322165.4363051297
2019-12-19,1071381.6029142034,1330430.942015269
2019-12-20,1078301.6029142034,1335794.0564073443
2019-12-23,1076299.6029142034,1336425.011041706
2019-12-24,1079204.6029142034,1337119.061139504
2019-12-26,1082039.6029142034,1348917.9128020694
2019-12-27,1080230.6029142034,1347782.1944602183
2019-12-30,1076620.6029142034,1338948.829579153
2019-12-31,1077710.6029142034,1341472.6481166005
2020-01-02,1085891.6029142034,1363871.537636444
2020-01-03,1077957.8977522035,1351378.6358760805
2020-01-06,1076951.8977522035,1360085.809830273
2020-01-07,1079023.2635849034,1359896.5234399647
2020-01-08,1082293.7174620035,1370117.9885166257
2020-01-09,1092576.9800004035,1381727.5537888824
2020-01-10,1094201.9800004035,1378194.2078364566
2020-01-13,1100609.6410904033,1394094.2646223735
2020-01-14,1099095.3883032035,1388604.959303426
2020-01-15,1095019.3883032035,1389172.8184743514
2020-01-16,1101508.7425236036,1402485.9612593853
2020-01-17,1098973.6065358035,1409426.462237365
2020-01-21,1094396.0352635034,1408795.5076030032
2020-01-22,1098923.9456375036,1412518.1399457378
2020-01-23,1105626.7912044036,1417061.0133131428
2020-01-24,1090532.6176178036,1405135.9707237047
2020-01-27,1072863.0198184035,1376112.0575430626
2020-01-28,1084076.7002957035,1397249.0377941823
2020-01-29,1083455.7002957035,1399520.474477885
2020-01-30,1088726.9810309035,1404505.016089343
2020-01-31,1069642.0186994034,1382232.317496372
2020-02-03,1081028.2229857035,1403116.915893747
2020-02-04,1090774.6328519066,1435232.5067827622
2020-02-05,1090559.6382744065,1439964.6665404758
2020-02-06,1096853.6382744065,1452394.472837403
2020-02-07,1096250.6382744065,1446148.0219572212
2020-02-10,1111283.6482744068,1463625.4653290429
2020-02-11,1115279.6482744066,1463877.8471827873
2020-02-12,1116915.6382744065,1478137.421919364
2020-02-13,1117703.6382744065,1476244.5580162785
2020-02-14,1123109.6382744065,1480471.9540665024
2020-02-18,1132649.6282744068,1481039.813237428
2020-02-19,1135949.1304152068,1495236.2925105684
2020-02-20,1131037.1404152066,1481355.290554609
2020-02-21,1117830.4442167068,1452899.2365448924
2020-02-24,1084027.4188822068,1396870.4650135653
2020-02-25,1071510.4273347068,1358886.9960249858
2020-02-26,1077425.1658708067,1365890.5924664016
2020-02-27,1077425.1658708067,1297495.1101015834
2020-02-28,1077425.1658708067,1298504.6375165626
2020-03-02,1077425.1658708067,1365512.0196857844
2020-03-03,1077425.1658708067,1321723.7680610763
2020-03-04,1077425.1658708067,1376869.2031042967
2020-03-05,1077425.1658708067,1335036.9108461102
2020-03-06,1077425.1658708067,1312511.8303993943
2020-03-09,1077425.1658708067,1221338.8857341157
2020-03-10,1077425.1658708067,1287841.5041958485
2020-03-11,1077425.1658708067,1231749.6372010852
2020-03-12,1077425.1658708067,1118808.7576503248
2020-03-13,1077425.1658708067,1213578.1437314656
2020-03-16,1077425.1658708067,1068206.1959745095
2020-03-17,1077425.1658708067,1149220.771026563
2020-03-18,1077425.1658708067,1114265.88428292
2020-03-19,1077425.1658708067,1120954.003407155
2020-03-20,1077425.1658708067,1077039.5608555742
2020-03-23,1077425.1658708067,1075525.2697331063
2020-03-24,1077425.1658708067,1158811.2814688622
2020-03-25,1077425.1658708067,1150230.298441542
2020-03-26,1077425.1658708067,1210801.9433402736
2020-03-27,1077425.1658708067,1169158.9374723956
2020-03-30,1077425.1658708067,1211685.27982838
2020-03-31,1077425.1658708067,1201337.623824847
2020-04-01,1077425.1658708067,1150293.3939049782
2020-04-02,1077425.1658708067,1173638.7153763643
2020-04-03,1077425.1658708067,1156981.513029213
2020-04-06,1077425.1658708067,1239699.6655940434
2020-04-07,1077425.1658708067,1239194.9018865542
2020-04-08,1077425.1658708067,1265505.7101394408
2020-04-09,1077425.1658708067,1267335.4785790902
2020-04-13,1077425.1658708067,1281027.194144741
2020-04-14,1077425.1658708067,1336740.488358887
2020-04-15,1077425.1658708067,1321408.2907438956
2020-04-16,1077425.1658708067,1345510.7577765158
2020-04-17,1077425.1658708067,1358382.2323174963
2020-04-20,1077425.1658708067,1342292.8891412707
2020-04-21,1077425.1658708067,1292762.95034387
2020-04-22,1077425.1658708067,1331124.992113067
2020-04-23,1077425.1658708067,1328285.696258439
2020-04-24,1077425.1658708067,1349233.3901192504
2020-04-27,1077425.1658708067,1360085.809830273
2020-04-28,1077425.1658708067,1334469.0516751844
2020-04-29,1077425.1658708067,1381790.6492523185
2020-04-30,1077425.1658708067,1381222.7900813932
2020-05-01,1077425.1658708067,1342292.8891412707
2020-05-04,1077425.1658708067,1357940.564073443
2020-05-05,1077425.1658708067,1373335.8571518708
2020-05-06,1077425.1658708067,1381790.6492523185
2020-05-07,1077425.1658708067,1399583.5699413212
2020-05-08,1077425.1658708067,1418764.5908259198
2020-05-11,1077425.1658708067,1431446.7789765915
2020-05-12,1077425.1658708067,1401476.4338444066
2020-05-13,1077425.1658708067,1383935.8950091486
2020-05-14,1077425.1658708067,1399646.6654047575
2020-05-15,1081791.3714822065,1408732.4121395673
2020-05-18,1084477.3714822065,1434980.1249290174
2020-05-19,1078387.0103014065,1431383.6835131554
2020-05-20,1082793.0103014065,1459965.9284497444
2020-05-21,1077529.0103014065,1444065.8716638272
2020-05-22,1079565.0103014065,1449050.4132752854
2020-05-26,1080657.0103014065,1445138.4945422423
2020-05-27,1088353.0103014065,1453025.4274717646
2020-05-28,1086869.9157514065,1451132.5635686794
2020-05-29,1098707.9157514065,1472395.7347466715
2020-06-01,1091372.6415738065,1476812.4171872041
2020-06-02,1102328.6415738068,1486718.4049466841
2020-06-03,1102622.6415738065,1493406.524070919
2020-06-04,1091674.6415738068,1482932.6771405137
2020-06-05,1102819.6415738068,1512335.163101773
2020-06-08,1119362.9707830066,1524070.9193009024
2020-06-09,1108148.9707830066,1535112.6254022336
2020-06-10,1116195.9707830066,1553536.5007255976
2020-06-11,1063885.9707830066,1476560.0353334595
2020-06-12,1083994.3369402066,1488295.7915325887
2020-06-15,1082434.3369402066,1506404.189538772
2020-06-16,1085533.3369402066,1532273.3295476055
2020-06-17,1086079.3369402066,1537131.6802321912
2020-06-18,1088170.3369402066,1541295.980818979
2020-06-19,1090435.3369402066,1541043.5989652344
2020-06-22,1094956.7767696069,1556817.464824279
2020-06-23,1096853.7767696069,1570067.5121458767
2020-06-24,1089340.7767696069,1537699.539403117
2020-06-25,1096347.7767696069,1552337.6869203104
2020-06-26,1083320.7767696069,1515679.2226638903
2020-06-29,1083174.4321462067,1532210.2340841691
2020-06-30,1089277.4321462067,1562243.6746797904
2020-07-01,1098478.4321462067,1580478.2636128464
2020-07-02,1097630.4321462067,1591204.4923969966
2020-07-06,1103699.4321462067,1630323.6797274274
2020-07-07,1101339.4321462067,1619092.6872357877
2020-07-08,1107214.4321462067,1640418.9538772162
2020-07-09,1110005.9019858069,1654236.8603697394
2020-07-10,1112604.9019858069,1665530.9483248156
2020-07-13,1095426.9019858069,1631270.1116789703
2020-07-14,1098531.0005878068,1642816.581487791
2020-07-15,1097763.0005878068,1646160.6410499082
2020-07-16,1096743.0005878068,1634929.6485582686
2020-07-17,1098233.0005878068,1636822.512461354
2020-07-20,1106363.1178661068,1683260.7735503814
2020-07-21,1109960.1178661068,1665720.234715124
2020-07-22,1112789.1178661068,1671588.1128146886
2020-07-23,1107247.1178661068,1627926.0521168525
2020-07-24,1101919.747652507,1612467.6635749887
2020-07-27,1115111.747652507,1641239.1949018866
2020-07-28,1102011.7144774068,1620354.596504511
2020-07-29,1110796.7144774068,1639030.85368162
2020-07-30,1119754.0092059071,1647611.8367089406
2020-07-31,1126593.0092059071,1677014.3226702001
2020-08-03,1131471.0092059071,1699665.594043788
2020-08-04,1138263.0092059071,1705975.1403874059
2020-08-05,1154063.0092059071,1710202.5364376302
2020-08-06,1149452.0092059071,1732853.807811218
2020-08-07,1141263.4902662071,1712852.5459019498
2020-08-10,1135288.288497107,1705533.4721433527
2020-08-11,1120204.288497107,1673228.594864029
2020-08-12,1127541.515380607,1715313.2689759608
2020-08-13,1124260.918914807,1719225.1877090037
2020-08-14,1123155.918914807,1717206.132879046
2020-08-17,1123989.080369807,1737144.2993248785
2020-08-18,1119635.080369807,1753864.597135466
2020-08-19,1115867.080369807,1742065.7454729006
2020-08-20,1112069.080369807,1766231.307968957
2020-08-21,1108037.080369807,1778471.8278755757
2020-08-24,1114385.912587407,1789576.629440343
2020-08-25,1116523.912587407,1803646.917786611
2020-08-26,1116060.342807407,1842135.15048268
2020-08-27,1115721.9781944072,1836393.463309988
2020-08-28,1122910.4669940071,1845731.5918985421
2020-08-31,1123994.368596007,1860559.0258060445
2020-09-01,1134166.3265960072,1892359.1393778787
2020-09-02,1153930.3265960072,1910278.2509937536
2020-09-03,1118486.432404007,1813426.7146192188
2020-09-04,1116519.096546807,1789261.152123162
2020-09-08,1096763.0861670072,1703262.0354596504
2020-09-09,1107130.2547686072,1753296.7379645403
2020-09-10,1104881.7046814072,1718341.851220897
2020-09-11,1103738.7046814072,1706416.8086314593
2020-09-14,1112383.7046814072,1736134.7719098998
2020-09-15,1119652.7046814072,1760742.0026500095
2020-09-16,1115956.7046814072,1732664.5214209098
2020-09-17,1114489.7046814072,1705596.567606789
2020-09-18,1109028.7046814072,1683828.6327213072
2020-09-21,1099777.7046814072,1687866.7423812225
2020-09-22,1102813.372660207,1719225.1877090037
2020-09-23,1094396.372660207,1666729.7621301028
2020-09-24,1092364.3618581071,1674490.5041327528
2020-09-25,1092364.3618581071,1713420.405072875
2020-09-28,1092364.3618581071,1749006.24645088
2020-09-29,1092364.3618581071,1741119.3135213577
2020-09-30,1092364.3618581071,1753044.3561107954
2020-10-01,1092364.3618581071,1780869.4554861505
2020-10-02,1092364.3618581071,1730771.6575178246
2020-10-05,1092364.3618581071,1767682.5036279892
2020-10-06,1092364.3618581071,1736134.7719098998
2020-10-07,1092364.3618581071,1766168.212505521
2020-10-08,1092364.3618581071,1775569.4365575116
2020-10-09,1092364.3618581071,1802700.4858350682
2020-10-12,1092364.3618581071,1858350.684585778
2020-10-13,1092364.3618581071,1858287.5891223417
2020-10-14,1092364.3618581071,1842766.105117042
2020-10-15,1092364.3618581071,1830399.394283551
2020-10-16,1092364.3618581071,1820367.2155971983
2020-10-19,1092364.3618581071,1790649.2523187583
2020-10-20,1092364.3618581071,1794498.0755883653
2020-10-21,1092364.3618581071,1793109.975392769
2020-10-22,1091644.916088507,1793046.879929333
2020-10-23,1092235.693970507,1796580.225881759
2020-10-26,1084567.693970507,1769638.4629945108
2020-10-27,1079771.693970507,1783456.369487034
2020-10-28,1070187.693970507,1713925.1687803646
2020-10-29,1071969.6300034071,1743895.5139125497
2020-10-30,1071762.6300034071,1699665.594043788
2020-11-02,1074912.6300034071,1703451.321849959
2020-11-03,1079430.6300034071,1732916.9032746544
2020-11-04,1077720.6300034071,1810271.94144741
2020-11-05,1075219.0201003072,1857467.3480976715
2020-11-06,1081034.0201003072,1858855.4482932677
2020-11-09,1085296.0201003072,1820871.9793046876
2020-11-10,1069773.0201003072,1788251.6247081833
2020-11-11,1076783.5569395071,1828254.1485267207
2020-11-12,1070678.5569395071,1819673.1654994003
2020-11-13,1078055.5569395071,1835636.3177487538
2020-11-16,1085657.5569395071,1849958.9879487664
2020-11-17,1082338.5569395071,1844091.1098492017
2020-11-18,1077526.5569395071,1830462.4897469871
2020-11-19,1075978.5569395071,1844785.1599469997
2020-11-20,1072357.197148007,1832166.0672597638
2020-11-23,1068693.197148007,1832229.1627232
2020-11-24,1074013.683069807,1857972.1118051612
2020-11-25,1074070.691754207,1869392.3906871092
2020-11-27,1072744.691754207,1886617.4522051862
2020-11-30,1070653.691754207,1890466.2754747933
2020-12-01,1073064.568590207,1914694.9334342857
2020-12-02,1061068.9329768072,1917155.656508297
2020-12-03,1060225.9329768072,1919868.7614360526
2020-12-04,1066972.634845707,1927692.5989021386
2020-12-07,1067117.634845707,1938608.1140765978
2020-12-08,1066546.634845707,1945170.0422739605
2020-12-09,1064176.634845707,1901129.4087955076
2020-12-10,1052610.634845707,1908763.9598712851
2020-12-11,1045994.4532283072,1904536.5638210615
2020-12-14,1047492.4532283072,1918354.4703135844
2020-12-15,1057667.4532283072,1938860.4959303427
2020-12-16,1059056.6860240074,1949523.629251057
2020-12-17,1060096.7053460074,1962268.912865165
2020-12-18,1058820.5470120073,1956337.9393021641
2020-12-21,1062104.6363476072,1949145.0564704398
2020-12-22,1063183.6363476072,1954445.0753990787
2020-12-23,1057571.6363476072,1944602.1831030347
2020-12-24,1063380.6363476072,1953183.166130355
2020-12-28,1066191.6363476072,1972868.9507224432
2020-12-29,1065435.6363476072,1974635.6236986557
2020-12-30,1066188.6848461074,1974698.7191620923
2020-12-31,1070781.6848461074,1979557.069846678
2021-01-04,1047539.6803469073,1951605.7795444506
2021-01-05,1067036.7328644074,1967695.1227206762
2021-01-06,1068866.7328644074,1940437.8825162472
2021-01-07,1086304.3254801072,1987380.907312764
2021-01-08,1098490.3254801072,2012934.5700044166
2021-01-11,1093614.3254801072,1983847.5613603382
2021-01-12,1093189.3254801072,1980692.7881885292
2021-01-13,1089202.3254801075,1994069.0264369992
2021-01-14,1112822.3254801072,1983405.893116285
2021-01-15,1101876.3254801072,1967695.1227206762
2021-01-19,1121666.2120378073,1996403.5585841378
2021-01-20,1119083.8005309072,2042841.8196731654
2021-01-21,1119578.0576729074,2059183.544703136
2021-01-22,1104212.0576729074,2053252.5711401347
2021-01-25,1102487.4082763074,2070225.2508044671
2021-01-26,1082067.4082763074,2073253.8330494035
2021-01-27,1040332.4747100074,2015458.3885418638
2021-01-28,1049311.9867951556,2027383.4311313017
2021-01-29,1040035.9867951556,1984730.8978484445
2021-02-01,1050495.9867951556,2034323.9321092814
2021-02-02,1055209.9867951556,2067512.1458767115
2021-02-03,1048639.9867951556,2059309.735630008
2021-02-04,1056459.7901621554,2083664.5845163732
2021-02-05,1057862.5662587555,2090731.2764212254
2021-02-08,1067464.5181037555,2104738.469304057
2021-02-09,1066405.0276388554,2104296.801060003
2021-02-10,1060451.0276388554,2099501.5458388543
2021-02-11,1064783.5320937554,2111048.0156476744
2021-02-12,1071666.5320937554,2122846.86731024
2021-02-16,1065751.5320937554,2117105.180137548
2021-02-17,1062587.3257840555,2106946.8105243235
2021-02-18,1060828.3257840555,2097734.8728626412
2021-02-19,1058707.3257840555,2088586.0306643948
2021-02-22,1046779.4341228555,2034450.1230361534
2021-02-23,1035421.0586357557,2028392.9585462804
2021-02-24,1036393.0586357557,2045113.256356868
2021-02-25,1034728.0586357557,1973815.3826739856
2021-02-26,1035493.0586357557,1982080.888384125
2021-03-01,1037029.4822817557,2041706.101331314
2021-03-02,1037539.4822817557,2008959.555807937
2021-03-03,1033142.4822817557,1950659.3475929082
2021-03-04,1026058.4822817557,1918733.0430942015
2021-03-05,1027860.6580207556,1947630.7653479713
2021-03-08,1027639.6580207556,1892485.330304751
2021-03-09,1029615.6580207556,1967127.2635497504
2021-03-10,1026888.3804585556,1961511.7673039306
2021-03-11,1025520.3804585556,2006688.119124235
2021-03-12,1028082.3804585556,1990409.4895577005
2021-03-15,1032414.3804585556,2011672.6607356928
2021-03-16,1033518.3804585556,2022714.366837024
2021-03-17,1032693.3804585556,2031042.9680106
2021-03-18,1028440.3804585556,1968830.8410625276
2021-03-19,1024730.3804585556,1975771.3420405071
2021-03-22,1028366.1444784557,2010284.560540097
2021-03-23,1019664.6820128557,2001514.2911224682
2021-03-24,1019936.7537436557,1967758.2181841123
2021-03-25,1025187.3277975557,1964351.0631585587
2021-03-26,1040110.6832839038,1993816.6445832544
2021-03-29,1039772.6832839038,1993248.7854123288
2021-03-30,1034991.6832839038,1983216.606725976
2021-03-31,1031957.6832839038,2013565.5246387785
2021-04-01,1034827.6832839038,2047889.4567480595
2021-04-05,1040757.6832839038,2088775.3170547038
2021-04-06,1039158.1832839038,2087324.1213956715
2021-04-07,1038556.6832839038,2092371.7584705658
2021-04-08,1037060.6832839038,2114202.7888194835
2021-04-09,1042409.6832839038,2127011.1678970284
2021-04-12,1043679.6832839038,2124234.9675058364
2021-04-13,1040906.6832839038,2149031.4846362546
2021-04-14,1041563.6832839038,2123225.4400908574
2021-04-15,1046520.6832839038,2155404.126443309
2021-04-16,1052867.6832839036,2157927.944980756
2021-04-19,1053502.3666159038,2138179.064925232
2021-04-20,1052474.3666159038,2122594.4854564955
2021-04-21,1059779.3666159038,2140765.978926115
2021-04-22,1051870.0045908038,2114959.934380718
2021-04-23,1060745.0045908038,2141586.2199507854
2021-04-26,1050899.0045908038,2155530.317370181
2021-04-27,1049771.0045908038,2146192.1887816265
2021-04-28,1043944.0045908038,2138936.2104864656
2021-04-29,1051922.9851082037,2146633.8570256797
2021-04-30,1050054.5880168038,2132563.568679412
2021-05-03,1056998.9812708038,2121206.3852608996
2021-05-04,1052166.9812708038,2083033.6298820113
2021-05-05,1052100.5445264038,2076030.0334405955
2021-05-06,1064403.3452125038,2091677.7083727678
2021-05-07,1073439.3452125038,2108650.3880371
2021-05-10,1068516.3452125038,2055397.8168969648
2021-05-11,1061082.3452125038,2052558.5210423372
2021-05-12,1044999.3452125038,1999432.1408290742
2021-05-13,1053398.4692301038,2014890.529370938
2021-05-14,1063306.4692301038,2059372.831093444
2021-05-17,1056396.4692301038,2046879.9293330808
2021-05-18,1048584.4692301038,2033062.022840558
2021-05-19,1046529.3652412037,2035396.5549876962
2021-05-20,1049986.9777554036,2074768.1241718717
2021-05-21,1049429.9777554036,2063284.7498264874
2021-05-24,1051042.9777554036,2097987.2547163856
2021-05-25,1048930.9777554036,2100889.6460344503
2021-05-26,1048270.9777554036,2108208.719793047
2021-05-27,1049985.9777554036,2100321.786863524
2021-05-28,1048483.2489817037,2106946.8105243235
2021-06-01,1048656.2489817035,2099943.214082907
2021-06-02,1051713.2489817035,2104044.419206259
2021-06-03,1053491.2489817035,2082150.2933939046
2021-06-04,1056887.2489817035,2117483.752918165
2021-06-07,1101371.2271792036,2123793.299261783
2021-06-08,1102366.2271792036,2124802.8266767617
2021-06-09,1098616.5364292036,2125307.590384251
2021-06-10,1102141.5364292036,2147454.0980503503
2021-06-11,1102246.7200048035,2153069.59429617
2021-06-14,1100083.7200048035,2173701.8108398006
2021-06-15,1101094.7200048035,2159505.33156666
2021-06-16,1093702.7200048035,2151618.398637138
2021-06-17,1092559.7200048035,2178938.734305003
2021-06-18,1080472.1975525036,2161839.8637137986
2021-06-21,1081983.1617959037,2172755.3788882582
2021-06-22,1085238.1617959037,2193009.022651271
2021-06-23,1086329.2610599038,2194081.6455296865
2021-06-24,1092205.2610599038,2207647.170168465
2021-06-25,1092401.243679904,2204934.065240709
2021-06-28,1094437.169347504,2231749.637201085
2021-06-29,1100226.1693475037,2239825.8565209163
2021-06-30,1108395.1693475037,2236292.51056849
2021-07-01,1113013.1693475037,2237175.8470565965
2021-07-02,1120941.1693475037,2262855.700675121
2021-07-06,1115836.1693475037,2272635.497507729
2021-07-07,1117972.0684875038,2277430.7527288785
2021-07-08,1115083.0684875038,2263675.9416997917
2021-07-09,1125129.0684875038,2277809.3255094956
2021-07-12,1126775.0684875038,2286705.785853997
2021-07-13,1120546.746107804,2286705.785853997
2021-07-14,1116544.746107804,2290806.9909773483
2021-07-15,1108581.0238596038,2274717.6478011226
2021-07-16,1101245.0238596038,2256293.772477759
2021-07-19,1094719.0238596038,2237806.8016909584
2021-07-20,1101471.117380004,2263802.132626664
2021-07-21,1108121.3210615038,2281279.5759984856
2021-07-22,1114643.4829039038,2296359.3917597323
2021-07-23,1131121.4829039038,2323174.9637201084
2021-07-26,1121220.752990304,2325004.7321597575
2021-07-27,1113693.752990304,2299387.9740046686
2021-07-28,1123871.0937636038,2308221.338885734
2021-07-29,1141002.0937636038,2312322.5440090857
2021-07-30,1132653.0937636038,2300271.3104927754
2021-08-02,1135117.0937636038,2300460.596883084
2021-08-03,1148751.0937636038,2314404.6943024797
2021-08-04,1154744.223272004,2317748.753864597
2021-08-05,1164360.223272004,2332449.9968452267
2021-08-06,1152510.477861204,2322228.5317685655
2021-08-09,1157080.158419604,2326519.023282226
2021-08-10,1151581.158419604,2314593.9806927876
2021-08-11,1150349.312378004,2310618.966496309
2021-08-12,1151336.312378004,2318947.5676698843
2021-08-13,1159890.312378004,2327086.8824531515
2021-08-16,1160645.182479204,2328096.4098681305
2021-08-17,1147478.741225204,2307590.3842513724
2021-08-18,1134432.6625592038,2285380.781121837
2021-08-19,1148987.007255304,2296422.4872231684
2021-08-20,1156776.123831918,2320209.476938608
2021-08-23,1165652.397441918,2354911.9818285066
2021-08-24,1170843.397441918,2362104.864660231
2021-08-25,1174005.336289018,2364817.969587987
2021-08-26,1174636.336289018,2349801.2492901757
2021-08-27,1189362.027034518,2372641.8070540726
2021-08-30,1197103.166680718,2399268.09262414
2021-08-31,1195936.689253918,2397312.1332576186
2021-09-01,1195003.689253918,2401287.147454098
2021-09-02,1194270.689253918,2400151.4291122463
2021-09-03,1198211.0951115182,2407533.5983342794
2021-09-07,1188441.0951115182,2410940.7533598333
2021-09-08,1187106.273049318,2402549.056722821
2021-09-09,1185023.2310493179,2394283.5510126823
2021-09-10,1178496.832889318,2376112.057543062
2021-09-13,1175955.2974541178,2374471.5754937218
2021-09-14,1178113.711635118,2367720.3609060505
2021-09-15,1187851.152453118,2385323.995204745
2021-09-16,1197348.152453118,2386964.4772540852
2021-09-17,1187424.152453118,2358697.709634677
2021-09-20,1169575.373706618,2307401.0978610637
2021-09-21,1177461.650389418,2310240.3937156913
2021-09-22,1191359.1374394181,2331819.042210865
2021-09-23,1195510.1374394181,2353334.5952426023
2021-09-24,1198400.1374394181,2355542.936462868
2021-09-27,1188221.531039918,2336740.488358887
2021-09-28,1157571.2393854181,2270616.442677771
2021-09-29,1159955.4585941182,2266893.8103350364
2021-09-30,1158647.4863193182,2258565.209161461
2021-10-01,1160220.3476649183,2272572.402044293
2021-10-04,1159522.3476649183,2224872.2316865413
2021-10-05,1165626.347664918,2254905.6722821626
2021-10-06,1166916.3476649183,2269354.533409048
2021-10-07,1167638.3476649183,2290176.036342987
2021-10-08,1166176.3476649183,2278755.7574610384
2021-10-11,1166342.3476649183,2261278.3140892168
2021-10-12,1168678.3476649183,2253391.3811596944
2021-10-13,1170714.3476649183,2271436.683702442
2021-10-14,1172970.347664918,2313268.975960628
2021-10-15,1176810.3476649183,2327844.0280143856
2021-10-18,1184162.3476649183,2351252.444949208
2021-10-19,1185624.242516718,2369045.3656382104
2021-10-20,1182852.242516718,2365953.687929838
2021-10-21,1188456.242516718,2380402.5490567223
2021-10-22,1190780.242516718,2360401.2871474545
2021-10-25,1192156.242516718,2384566.8496435108
2021-10-26,1191528.242516718,2392075.2097924156
2021-10-27,1190408.242516718,2397627.6105747996
2021-10-28,1192796.746088318,2424253.8961448674
2021-10-29,1196978.746088318,2436178.938734305
2021-11-01,1193740.746088318,2444507.5399078806
2021-11-02,1200793.225785818,2454729.004984542
2021-11-03,1199823.225785818,2480787.4313836833
2021-11-04,1203546.014210418,2512587.5449555176
2021-11-05,1215708.229434418,2514985.172566092
2021-11-08,1219925.7516518182,2511578.0175405387
2021-11-09,1209969.7516518182,2494289.860559026
2021-11-10,1182137.7516518182,2457631.3963026055
2021-11-11,1178258.983408018,2464445.706353713
2021-11-12,1198680.6782348182,2490377.9418259826
2021-11-15,1198950.6782348182,2489810.082655057
2021-11-16,1207310.6782348182,2507539.9078806234
2021-11-17,1197642.3041822182,2508864.9126127833
2021-11-18,1205097.4369604182,2534860.2435484887
2021-11-19,1195719.237627818,2548993.6273581926
2021-11-22,1166491.8066890182,2519401.855006625
2021-11-23,1156104.4645626182,2507918.4806612404
2021-11-24,1156513.1025620182,2515994.699981071
2021-11-26,1143290.1025620182,2468294.52962332
2021-11-29,1157946.160091418,2521862.578080636
2021-11-30,1150675.160091418,2484825.5410435987
2021-12-01,1134794.576049518,2442551.580541359
2021-12-02,1133967.5126295183,2460155.214840053
2021-12-03,1133007.5126295183,2417376.4906303235
2021-12-06,1129656.9589350182,2436746.79790523
2021-12-07,1141783.5622996183,2510126.8218815066
2021-12-08,1136329.3715200182,2521357.8143731463
2021-12-09,1131917.3715200182,2484257.6818726733
2021-12-10,1152105.3715200182,2511262.5402233577
2021-12-13,1144324.2240936183,2474982.648747555
2021-12-14,1135639.2240936183,2449365.890592466
2021-12-15,1154454.2240936183,2505205.375733485
2021-12-16,1135083.8161713183,2440784.907565146
2021-12-17,1130615.5364936183,2428607.4831219637
2021-12-20,1122927.8371620183,2401981.197551896
2021-12-21,1134387.9981483184,2455738.5323995203
2021-12-22,1146025.2984044184,2485645.7820682693
2021-12-23,1152843.2984044184,2504385.1347088143
2021-12-27,1171019.2984044182,2545775.758722948
2021-12-28,1169485.2984044184,2533976.9070603824
2021-12-29,1177549.2984044184,2533598.3342797654
2021-12-30,1168121.2984044184,2526026.8786674235
2021-12-31,1169127.2984044184,2510253.012808379
2022-01-03,1172100.2984044184,2534418.5753044356
2022-01-04,1178141.2984044184,2501545.8388541862
2022-01-05,1158528.2984044184,2424695.56438892
2022-01-06,1152439.0251621183,2422991.986876143
2022-01-07,1141480.7423131182,2396744.2740866933
2022-01-10,1133952.9407717183,2398321.6606725976
2022-01-11,1135041.9407717183,2434349.170294656
2022-01-12,1135054.9407717183,2444002.7762003914
2022-01-13,1134935.9407717183,2382863.272130734
2022-01-14,1135773.9407717183,2397690.7060382357
2022-01-18,1123698.5661721183,2338002.3976276102
2022-01-19,1116488.8803401184,2312322.5440090857
2022-01-20,1119078.7002215183,2282289.1034134645
2022-01-21,1120458.7002215183,2219004.353586977
2022-01-24,1118733.7002215183,2229162.723200202
2022-01-25,1117284.7002215183,2177487.538645971
2022-01-26,1116456.7002215183,2174080.3836204177
2022-01-27,1118411.7002215183,2152186.2578080636
2022-01-28,1115996.7002215183,2219698.403684775
2022-01-31,1117399.7002215183,2290680.800050476
2022-02-01,1116594.7002215183,2306265.379519212
2022-02-02,1119400.7002215183,2325004.7321597575
2022-02-03,1119492.7002215183,2230740.1097861063
2022-02-04,1117376.7002215183,2258880.686478642
2022-02-07,1118434.7002215183,2240709.193009022
2022-02-08,1119745.7002215183,2265884.282920058
2022-02-09,1119538.7002215183,2313899.93059499
2022-02-10,1116801.7002215183,2261530.6959429616
2022-02-11,1116640.7002215183,2189791.1540160263
2022-02-14,1115352.7002215183,2192504.258943782
2022-02-15,1115522.5089685183,2247018.73935264
2022-02-16,1115522.5089685183,2246450.880181715
2022-02-17,1115522.5089685183,2179632.784402801
2022-02-18,1115522.5089685183,2154773.171808947
2022-02-22,1115522.5089685183,2133131.4278503377
2022-02-23,1115522.5089685183,2078490.7565146065
2022-02-24,1115522.5089685183,2148337.4345384566
2022-02-25,1115522.5089685183,2181651.8392327586
2022-02-28,1115522.5089685183,2188150.6719666854
2022-03-01,1115522.5089685183,2154646.980882074
2022-03-02,1115522.5089685183,2190800.6814310052
2022-03-03,1115522.5089685183,2159505.33156666
2022-03-04,1115522.5089685183,2128209.9817023156
2022-03-07,1115522.5089685183,2049719.225187709
2022-03-08,1115522.5089685183,2040191.810208846
2022-03-09,1115522.5089685183,2113634.929648558
2022-03-10,1115522.5089685183,2090163.4172502996
2022-03-11,1115522.5089685183,2046816.8338696447
2022-03-14,1115522.5089685183,2007508.3601489055
2022-03-15,1115522.5089685183,2070477.6326582115
2022-03-16,1115522.5089685183,2147264.8116600416
2022-03-17,1115522.5089685183,2173260.142595747
2022-03-18,1115522.5089685183,2217742.4443182535
2022-03-21,1115522.5089685183,2208845.983973752
2022-03-22,1115522.5089685183,2252255.6628178433
2022-03-23,1115522.5089685183,2219887.690075083
2022-03-24,1115522.5089685183,2269228.342482175
2022-03-25,1115522.5089685183,2267335.4785790904
2022-03-28,1115522.5089685183,2302416.5562496055
2022-03-29,1115522.5089685183,2342040.5072875256
2022-03-30,1115522.5089685183,2316171.367278693
2022-03-31,1115522.5089685183,2287462.9314152314
2022-04-01,1115522.5089685183,2283109.344438135
2022-04-04,1115522.5089685183,2330115.4646980884
2022-04-05,1115522.5089685183,2278377.1846804214
2022-04-06,1115522.5089685183,2228910.3413464567
2022-04-07,1115522.5089685183,2234210.3602750963
2022-04-08,1115522.5089685183,2202978.1058741873
2022-04-11,1115522.5089685183,2150861.2530759037
2022-04-12,1115522.5089685183,2141775.506341094
2022-04-13,1115522.5089685183,2185311.3761120574
2022-04-14,1115522.5089685183,2135339.769070604
2022-04-18,1115522.5089685183,2136980.2511199443
2022-04-19,1115522.5089685183,2184743.5169411316
2022-04-20,1115522.5089685183,2152880.307905861
2022-04-21,1115522.5089685183,2108334.910719919
2022-04-22,1115522.5089685183,2053126.3802132625
2022-04-25,1115522.5089685183,2079500.283929585
2022-04-26,1115522.5089685183,2001009.5274149787
2022-04-27,1115522.5089685183,1998611.8998044038
2022-04-28,1115522.5089685183,2069594.2961701052
2022-04-29,1115522.5089685183,1976465.3921383051
2022-05-02,1115522.5089685183,2009464.3195154269
2022-05-03,1115522.5089685183,2011609.565272257
2022-05-04,1115522.5089685183,2079626.474856458
2022-05-05,1115522.5089685183,1974888.0055524008
2022-05-06,1115522.5089685183,1951227.2067638338
2022-05-09,1115522.5089685183,1874881.6960060569
2022-05-10,1115522.5089685183,1897659.1583065176
2022-05-11,1115522.5089685183,1841378.0049214459
2022-05-12,1115522.5089685183,1837024.4179443496
2022-05-13,1115522.5089685183,1905104.4229919866
2022-05-16,1115522.5089685183,1883021.010789324
2022-05-17,1115522.5089685183,1931793.8040254905
2022-05-18,1115522.5089685183,1836961.3224809135
2022-05-19,1115522.5089685183,1827118.4301848696
2022-05-20,1115522.5089685183,1821439.8384756136
2022-05-23,1115522.5089685183,1851725.6609249795
2022-05-24,1115522.5089685183,1812354.0917408038
2022-05-25,1115522.5089685183,1837718.4680421476
2022-05-26,1115522.5089685183,1888636.5070351441
2022-05-27,1115522.5089685183,1950280.774812291
2022-05-31,1115522.5089685183,1945106.946810524
2022-06-01,1115522.5089685183,1930721.1811470755
2022-06-02,1115522.5089685183,1983595.1795065934
2022-06-03,1115522.5089685183,1931983.0904157988
2022-06-06,1115522.5089685183,1938418.8276862896
2022-06-07,1115522.5089685183,1955139.1254968767
2022-06-08,1115522.5089685183,1941068.8371506087
2022-06-09,1115522.5089685183,1889078.1752791973
2022-06-10,1115522.5089685183,1822449.3658905923
2022-06-13,1115522.5089685183,1737712.1584958043
2022-06-14,1115522.5089685183,1740866.931667613
2022-06-15,1115522.5089685183,1784339.7059751404
2022-06-16,1115522.5089685183,1712347.78219446
2022-06-17,1115522.5089685183,1733169.285128399
2022-06-21,1115522.5089685183,1773487.2862641173
2022-06-22,1115522.5089685183,1770900.3722632343
2022-06-23,1115522.5089685183,1797274.275979557
2022-06-24,1115522.5089685183,1858855.4482932677
2022-06-27,1115522.5089685183,1845226.828191053
2022-06-28,1115522.5089685183,1789008.7702694177
2022-06-29,1115522.5089685183,1790649.2523187583
2022-06-30,1115522.5089685183,1768439.6491892228
2022-07-01,1115522.5089685183,1780112.3099249164
2022-07-05,1115522.5089685183,1810587.4187645905
2022-07-06,1115522.5089685183,1822196.9840368477
2022-07-07,1115522.5089685183,1861189.9804404064
2022-07-08,1115522.5089685183,1863524.512587545
2022-07-11,1115522.5089685183,1823711.2751593161
2022-07-12,1115522.5089685183,1806044.545397186
2022-07-13,1115522.5089685183,1802321.913054451
2022-07-14,1115522.5089685183,1808757.6503249416
2022-07-15,1115522.5089685183,1841567.2913117546
2022-07-18,1115522.5089685183,1825982.7118430182
2022-07-19,1115522.5089685183,1882137.6743012178
2022-07-20,1115522.5089685183,1911981.8285065303
2022-07-21,1115522.5089685183,1939428.355101268
2022-07-22,1115522.5089685183,1905419.9003091676
2022-07-25,1115522.5089685183,1894567.4805981447
2022-07-26,1115522.5089685183,1857341.1571707993
2022-07-27,1115522.5089685183,1935831.9136854059
2022-07-28,1115522.5089685183,1954760.5527162596
2022-07-29,1115522.5089685183,1990409.4895577005
2022-08-01,1115522.5089685183,1989210.6757524132
2022-08-02,1115522.5089685183,1983279.7021894124
2022-08-03,1115522.5089685183,2037289.4188907815
2022-08-04,1115522.5089685183,2046816.8338696447
2022-08-05,1115522.5089685183,2030096.536059057
2022-08-08,1115522.5089685183,2023534.6078616944
2022-08-09,1115522.5089685183,2000630.9546343614
2022-08-10,1115522.5089685183,2056470.43977538
2022-08-11,1115522.5089685183,2044797.779039687
2022-08-12,1115522.5089685183,2084611.0164679156
2022-08-15,1115522.5089685183,2101457.5052053756
2022-08-16,1115522.5089685183,2096536.0590573535
2022-08-17,1115522.5089685183,2072622.878415042
2022-08-18,1115522.5089685183,2077607.4200264998
2022-08-19,1115522.5089685183,2037100.1325004734
2022-08-22,1115522.5089685183,1983468.988579721
2022-08-23,1115522.5089685183,1981828.5065303803
2022-08-24,1115522.5089685183,1987570.1937030726
2022-08-25,1115522.5089685183,2022714.366837024
2022-08-26,1115522.5089685183,1939806.9278818853
2022-08-29,1115522.5089685183,1920689.002460723
2022-08-30,1115522.5089685183,1899299.6403558583
2022-08-31,1115522.5089685183,1888257.9342545269
2022-09-01,1115522.5089685183,1889078.1752791973
2022-09-02,1115522.5089685183,1862388.7942456938
2022-09-06,1115522.5089685183,1849012.5559972236
2022-09-07,1115522.5089685183,1886365.0703514419
2022-09-08,1115522.5089685183,1896144.8671840492
2022-09-09,1115522.5089685183,1937598.5866616187
2022-09-12,1115522.5089685183,1960628.4308158243
2022-09-13,1115522.5089685183,1853113.7611205752
2022-09-14,1115522.5089685183,1867815.004101205
2022-09-15,1115522.5089685183,1836708.940627169
2022-09-16,1115522.5089685183,1825477.948135529
2022-09-19,1115522.5089685183,1836393.463309988
2022-09-20,1115522.5089685183,1821755.3157927946
2022-09-21,1115522.5089685183,1789134.9611962899
2022-09-22,1115522.5089685183,1767114.6444570634
2022-09-23,1115522.5089685183,1738343.113130166
2022-09-26,1115522.5089685183,1731150.2302984414
2022-09-27,1115522.5089685183,1731844.2803962396
2022-09-28,1115522.5089685183,1766294.403432393
2022-09-29,1115522.5089685183,1715376.3644393967
2022-09-30,1115522.5089685183,1686289.3557953183
2022-10-03,1115522.5089685183,1725850.2113698022
2022-10-04,1115522.5089685183,1780112.3099249164
2022-10-05,1115522.5089685183,1779165.8779733737
2022-10-06,1115522.5089685183,1765158.6850905418
2022-10-07,1115522.5089685183,1697898.9210675752
2022-10-10,1115522.5089685183,1680926.241403243
2022-10-11,1115522.5089685183,1657833.3017856015
2022-10-12,1115522.5089685183,1657265.442614676
2022-10-13,1115522.5089685183,1696132.2480913622
2022-10-14,1115522.5089685183,1645151.1136349298
2022-10-17,1115522.5089685183,1699476.3076534797
2022-10-18,1115522.5089685183,1712915.6413653858
2022-10-19,1115522.5089685183,1706669.190485204
2022-10-20,1115522.5089685183,1697962.0165310113
2022-10-21,1115522.5089685183,1737775.2539592404
2022-10-24,1115522.5089685183,1756893.1793804024
2022-10-25,1115522.5089685183,1793236.1663196415
2022-10-26,1115522.5089685183,1753612.2152817212
2022-10-27,1115522.5089685183,1721685.9107830147
2022-10-28,1115522.5089685183,1774370.6227522243
2022-10-31,1115522.5089685183,1753738.4062085934
2022-11-01,1115522.5089685183,1735819.2945927186
2022-11-02,1115522.5089685183,1676320.272572402
2022-11-03,1115522.5089685183,1643573.7270490252
2022-11-04,1115522.5089685183,1670010.726228784
2022-11-07,1115522.5089685183,1688371.5060887118
2022-11-08,1115522.5089685183,1700675.1214587672
2022-11-09,1115522.5089685183,1661429.7432014637
2022-11-10,1115522.5089685183,1784024.2286579593
2022-11-11,1115522.5089685183,1816896.9651082086
2022-11-14,1115522.5089685183,1800996.9083222914
2022-11-15,1115522.5089685183,1825919.616379582
2022-11-16,1115522.5089685183,1800996.9083222914
2022-11-17,1115522.5089685183,1797021.8941258122
2022-11-18,1115522.5089685183,1797084.9895892486
2022-11-21,1115522.5089685183,1778598.018802448
2022-11-22,1115522.5089685183,1804214.7769575366
2022-11-23,1115522.5089685183,1822323.17496372
2022-11-25,1115522.5089685183,1810335.0369108461
2022-11-28,1115522.5089685183,1783771.8468042144
2022-11-29,1115522.5089685183,1770269.4176288722
2022-11-30,1115522.5089685183,1850968.5153637454
2022-12-01,1115522.5089685183,1853239.952047448
2022-12-02,1115522.5089685183,1845857.7828254148
2022-12-05,1115522.5089685183,1814877.910278251
2022-12-06,1115522.5089685183,1777273.0140702883
2022-12-07,1115522.5089685183,1770017.0357751276
2022-12-08,1115522.5089685183,1790964.7296359392
2022-12-09,1115522.5089685183,1779544.4507539908
2022-12-12,1115522.5089685183,1801880.244810398
2022-12-13,1115522.5089685183,1821250.5520853049
2022-12-14,1115522.5089685183,1807748.1229099627
2022-12-15,1115522.5089685183,1747050.2870843585
2022-12-16,1115522.5089685183,1730393.0847372073
2022-12-19,1115522.5089685183,1702000.1261909269
2022-12-20,1115522.5089685183,1700675.1214587672
2022-12-21,1115522.5089685183,1725345.447662313
2022-12-22,1115522.5089685183,1683134.5826235092
2022-12-23,1115522.5089685183,1686920.3104296802
2022-12-27,1115522.5089685183,1663070.2252508043
2022-12-28,1115522.5089685183,1641113.0039750142
2022-12-29,1115522.5089685183,1681115.5277935513
2022-12-30,1115522.5089685183,1680106.0003785726
2023-01-03,1115522.5089685183,1668748.8169600605
2023-01-04,1115522.5089685183,1676698.8453530192
2023-01-05,1115522.5089685183,1650451.1325635684
2023-01-06,1115522.5089685183,1696006.05716449
2023-01-09,1115522.5089685183,1706984.667802385
2023-01-10,1115522.5089685183,1721433.5289292696
2023-01-11,1115522.5089685183,1751214.5876711465
2023-01-12,1115522.5089685183,1760678.9071865731
2023-01-13,1115522.5089685183,1772793.2361663196
2023-01-17,1115522.5089685183,1776389.677582182
2023-01-18,1115522.5089685183,1753296.7379645403
2023-01-19,1115522.5089685183,1736071.6764464632
2023-01-20,1115522.5089685183,1783582.5604139061
2023-01-23,1115522.5089685183,1823206.5114518264
2023-01-24,1115522.5089685183,1819483.8791090918
2023-01-25,1115522.5089685183,1815445.7694491765
2023-01-26,1115522.5089685183,1850842.3244368727
2023-01-27,1115522.5089685183,1869266.199760237
2023-01-30,1115522.5089685183,1831472.0171619658
2023-01-31,1115522.5089685183,1858918.5437567038
2023-02-01,1117229.7484570183,1898668.6857214968
2023-02-02,1118659.7484570183,1966811.78623257
2023-02-03,1119078.6324346184,1931856.8994889266
2023-02-06,1117553.6324346184,1915515.174458956
2023-02-07,1135048.6324346184,1955202.2209603128
2023-02-08,1131206.6324346184,1920436.6206069782
2023-02-09,1129316.6324346184,1903463.9409426462
2023-02-10,1130148.6324346184,1890971.0391822828
2023-02-13,1137298.6324346184,1921256.8616316486
2023-02-14,1133096.6324346184,1935453.340904789
2023-02-15,1139815.9573197183,1950280.774812291
2023-02-16,1128170.9573197183,1913685.4060193072
2023-02-17,1124626.9573197183,1900182.9768439648
2023-02-21,1109397.6820615185,1855195.911413969
2023-02-22,1108175.8623063185,1856584.011609565
2023-02-23,1106993.6275243186,1872799.545712663
2023-02-24,1105017.6275243186,1841441.1003848822
2023-02-27,1104406.6275243186,1854628.0522430437
2023-02-28,1104042.6275243186,1852230.4246324687
2023-03-01,1102813.0263892184,1837339.8952615305
2023-03-02,1102813.0263892184,1852545.9019496497
2023-03-03,1102813.0263892184,1890844.8482554103
2023-03-06,1102231.8882892183,1892990.0940122404
2023-03-07,1100677.8882892183,1869770.9634677265
2023-03-08,1102099.8882892183,1879109.092056281
2023-03-09,1100151.8882892183,1846551.8329232128
2023-03-10,1098613.8882892185,1820619.5974509432
2023-03-13,1098941.8882892183,1834122.0266262854
2023-03-14,1102139.8882892183,1876269.796201653
2023-03-15,1100855.8882892183,1886112.6884976968
2023-03-16,1102947.8882892183,1935831.9136854059
2023-03-17,1101723.6750654185,1926683.0714871602
2023-03-20,1104404.6750654185,1930531.8947567672
2023-03-21,1103579.6750654185,1958104.612278377
2023-03-22,1099697.6750654185,1931478.3267083096
2023-03-23,1103459.6750654185,1954381.9799356426
2023-03-24,1102473.9944139183,1961574.862767367
2023-03-27,1101201.9944139183,1948135.5290554608
2023-03-28,1100036.9944139183,1937787.8730519277
2023-03-29,1101338.9944139183,1973121.3325761878
2023-03-30,1102763.9524139185,1991797.5897532967
2023-03-31,1112037.9524139185,2024922.7080572906
2023-04-03,1112066.9524139185,2020001.2619092686
2023-04-04,1108889.9524139185,2013186.9518581613
2023-04-05,1102046.9524139185,1993311.880875765
2023-04-06,1101053.9524139185,2006751.2145876712
2023-04-10,1105160.9524139185,2005615.4962458196
2023-04-11,1103108.9524139185,1992744.021704839
2023-04-12,1098048.9524139185,1975140.3874061455
2023-04-13,1104867.0627132184,2013817.9064925232
2023-04-14,1102103.0627132184,2010032.1786863522
2023-04-17,1101735.0627132184,2011735.756199129
2023-04-18,1101981.0627132184,2011861.9471260018
2023-04-19,1105527.2189132185,2010915.515174459
2023-04-20,1103617.2189132185,1995583.3175594672
2023-04-21,1104415.4482658184,1997665.4678528614
2023-04-24,1102782.4608784183,1993501.1672660734
2023-04-25,1086131.6230255184,1955896.271058111
2023-04-26,1084841.2910498185,1967758.2181841123
2023-04-27,1098930.6163375187,2021263.1711779924
2023-04-28,1101546.1360523186,2035207.2685973877
2023-05-01,1098058.1360523186,2032872.736450249
2023-05-02,1096416.6913256184,2015142.9112246828
2023-05-03,1083757.6913256184,2001955.9593665216
2023-05-04,1080946.7006980185,1994889.2674616694
2023-05-05,1094513.7006980185,2037289.4188907815
2023-05-08,1094294.7006980185,2042337.055965676
2023-05-09,1093170.7006980185,2029402.4859612593
2023-05-10,1101580.7006980185,2051485.898163922
2023-05-11,1101359.7006980185,2058174.0172881568
2023-05-12,1096302.7006980185,2050791.848066124
2023-05-15,1097988.7006980185,2061896.6496308916
2023-05-16,1094640.3072615187,2064231.1817780302
2023-05-17,1099721.4242654187,2089216.9852987567
2023-05-18,1107721.4242654187,2128020.695312007
2023-05-19,1109604.3170582186,2123225.4400908574
2023-05-22,1105692.3170582186,2130355.2274591457
2023-05-23,1084089.8902246186,2103350.369108461
2023-05-24,1081366.3780938187,2092561.044860874
2023-05-25,1089031.3780938187,2143479.083853871
2023-05-26,1095064.3780938187,2198245.946116474
2023-05-30,1100412.3780938187,2208215.0293393903
2023-05-31,1099212.3780938187,2195659.0321155908
2023-06-01,1118149.4828654188,2221023.408416935
2023-06-02,1121201.4828654188,2237680.610764086
2023-06-05,1123845.8378194189,2239257.9973499905
2023-06-06,1116772.0073689187,2238879.4245693735
2023-06-07,1106749.0073689187,2200895.955580794
2023-06-08,1117487.9485230187,2228216.291248659
2023-06-09,1119407.9485230187,2236734.1788125434
2023-06-12,1126107.9485230187,2274528.3614108143
2023-06-13,1132611.9485230187,2292005.804782636
2023-06-14,1131145.9485230187,2308663.007129787
2023-06-15,1142017.3450542188,2336172.629187961
2023-06-16,1137695.354964119,2321471.386207332
2023-06-20,1136042.601205919,2314972.553473405
2023-06-21,1138881.6012059187,2283424.8217553156
2023-06-22,1139716.601205919,2310366.5846425644
2023-06-23,1136173.5425223187,2287462.9314152314
2023-06-26,1135195.8617814686,2256798.5361852483
2023-06-27,1153323.8617814686,2295602.246198498
2023-06-28,1156168.8617814686,2300082.0241024666
2023-06-29,1158233.8617814686,2295476.055271626
2023-06-30,1167446.8617814686,2330872.6102593224
2023-07-03,1159589.8617814686,2336361.91557827
2023-07-05,1158025.8617814686,2336298.820114834
2023-07-06,1148481.8617814686,2318505.899425831
2023-07-07,1144150.1787938687,2310808.252886617
2023-07-10,1152955.6946974688,2311565.3984478517
2023-07-11,1176394.0484938687,2322985.6773298
2023-07-12,1181656.5916769686,2352325.067827623
2023-07-13,1175403.5916769686,2392264.4961827244
2023-07-14,1180246.9022923687,2391759.7324752347
2023-07-17,1189536.2876223687,2414095.5265316423
2023-07-18,1194244.0905097686,2433844.4065871662
2023-07-19,1182476.0905097686,2433276.5474162404
2023-07-20,1173834.3394608689,2377184.6804214776
2023-07-21,1166371.3394608689,2370054.8930531894
2023-07-24,1167219.9683782689,2373840.6208593603
2023-07-25,1170901.9683782689,2389929.9640355855
2023-07-26,1156162.9683782689,2381979.935642627
2023-07-27,1150097.8712008689,2376301.343933371
2023-07-28,1157074.8508044688,2419584.8318505897
2023-07-31,1160169.8508044688,2420846.7411193135
2023-08-01,1160371.3372691688,2415231.2448734934
2023-08-02,1155582.598022169,2362231.0555871027
2023-08-03,1153556.658772769,2358445.3277809327
2023-08-04,1148005.711043469,2347403.6216796013
2023-08-07,1158371.211853269,2367278.6926619974
2023-08-08,1161696.211853269,2347151.2398258564
2023-08-09,1161801.211853269,2321345.1952804592
2023-08-10,1169583.211853269,2325635.686794119
2023-08-11,1171117.211853269,2310808.252886617
2023-08-14,1172958.211853269,2336740.488358887
2023-08-15,1166405.211853269,2311943.9712284687
2023-08-16,1162888.211853269,2287462.9314152314
2023-08-17,1157071.211853269,2262477.127894504
2023-08-18,1154951.694158769,2259637.8320398764
2023-08-21,1155348.694158769,2296043.9144425513
2023-08-22,1153810.736158769,2292762.95034387
2023-08-23,1161534.7361587689,2328916.650892801
2023-08-24,1154135.736158769,2279134.330241656
2023-08-25,1156074.7361587689,2296801.0600037854
2023-08-28,1165078.642004969,2314089.216985299
2023-08-29,1178926.642004969,2364628.6831976776
2023-08-30,1177987.681280069,2377815.6350558395
2023-08-31,1178474.681280069,2384945.422424128
2023-09-01,1181434.4790446688,2382421.60388668
2023-09-05,1176431.119565469,2385450.186131617
2023-09-06,1178419.7717314688,2364439.39680737
2023-09-07,1178158.7717314688,2347529.8126064735
2023-09-08,1179000.7717314688,2350810.7767051547
2023-09-11,1174189.7717314688,2378509.6851536375
2023-09-12,1172225.7717314688,2352135.7814373146
2023-09-13,1170012.7717314688,2361095.337245252
2023-09-14,1178588.7717314688,2380402.5490567223
2023-09-15,1167737.7717314688,2339642.879676951
2023-09-18,1170958.3736329689,2338696.4477254082
2023-09-19,1153989.617160969,2333711.90611395
2023-09-20,1142342.5630269689,2300082.0241024666
2023-09-21,1128504.439344069,2257934.2545270994
2023-09-22,1127753.3972576691,2258249.7318442804
2023-09-25,1127333.3972576691,2268975.960628431
2023-09-26,1128423.3972576691,2234904.4103728943
2023-09-27,1128393.3972576691,2240141.3338380973
2023-09-28,1129313.3972576691,2258880.686478642
2023-09-29,1128283.3972576691,2260521.1685279827
2023-10-02,1127058.3972576691,2279386.7120954003
2023-10-03,1124408.3972576691,2239384.1882768627
2023-10-04,1124783.071572669,2269859.297116537
2023-10-05,1124783.071572669,2263171.177992302
2023-10-06,1124783.071572669,2301091.5515174456
2023-10-09,1124783.071572669,2312827.307716575
2023-10-10,1124783.071572669,2325635.686794119
2023-10-11,1124783.071572669,2342229.793677835
2023-10-12,1125128.441975669,2334090.478894567
2023-10-13,1125202.4697231692,2304751.0883967443
2023-10-16,1127348.4697231692,2330809.5147958864
2023-10-17,1126978.3349331692,2323174.9637201084
2023-10-18,1125483.3349331692,2292699.854880434
2023-10-19,1121993.3349331692,2271247.397312133
2023-10-20,1117726.3349331692,2237365.1334469053
2023-10-23,1116127.3349331692,2244116.348034576
2023-10-24,1114299.5172466692,2265947.378383494
2023-10-25,1113041.5172466692,2210486.4660230926
2023-10-26,1109673.5172466692,2168338.6964477254
2023-10-27,1109280.5470598692,2178749.447914695
2023-10-30,1109280.5470598692,2203293.5831913683
2023-10-31,1109280.5470598692,2213830.5255852104
2023-11-01,1109280.5470598692,2252255.6628178433
2023-11-02,1109280.5470598692,2293141.523124487
2023-11-03,1109280.5470598692,2320083.2860117354
2023-11-06,1109280.5470598692,2329547.6055271626
2023-11-07,1109394.334895669,2351567.922266389
2023-11-08,1108800.1376420693,2353082.2133888574
2023-11-09,1106107.1376420693,2334973.815382674
2023-11-10,1108657.783093169,2387469.2409615745
2023-11-13,1109215.783093169,2380023.9762761053
2023-11-14,1111269.783093169,2431257.492586283
2023-11-15,1111409.783093169,2433087.261025932
2023-11-16,1112649.783093169,2435169.4113193257
2023-11-17,1111555.783093169,2435737.2704902515
2023-11-20,1112129.783093169,2465392.1383052557
2023-11-21,1112609.783093169,2451069.4681052435
2023-11-22,1112925.783093169,2461101.6467915955
2023-11-24,1112941.783093169,2457631.3963026055
2023-11-27,1112913.783093169,2455486.150545776
2023-11-28,1112831.783093169,2461921.8878162657
2023-11-29,1115811.936329669,2459524.260205691
2023-11-30,1122218.8844816692,2453340.9047889453
2023-12-01,1135027.8857396692,2460344.5012303614
2023-12-04,1133760.8857396692,2437503.9434664645
2023-12-05,1131288.0266132692,2443624.2034197743
2023-12-06,1132922.0266132692,2429490.81961007
2023-12-07,1140433.023463569,2463436.1789387343
2023-12-08,1144088.023463569,2474414.789576629
2023-12-11,1162980.023463569,2495551.769827749
2023-12-12,1168756.023463569,2515426.8408101457
2023-12-13,1181057.0234635693,2547416.2407722883
2023-12-14,1161218.2534301693,2545207.8995520216
2023-12-15,1163844.6327347693,2557511.514922077
2023-12-18,1170720.6327347693,2568490.125559972
2023-12-19,1178916.6327347693,2581613.9819546975
2023-12-20,1171052.4357522693,2543251.9401855003
2023-12-21,1178567.4580622693,2572843.7125370684
2023-12-22,1182130.4609326692,2576692.5358066754
2023-12-26,1189183.4609326692,2592466.40166572
2023-12-27,1193008.4609326692,2596378.3203987633
2023-12-28,1191882.0905445693,2595116.41113004
2023-12-29,1190239.2871328692,2583885.4186383993
2024-01-02,1177489.2871328692,2540160.262477128
2024-01-03,1167903.3010791691,2513281.5950533156
2024-01-04,1165800.3175707692,2500347.0250488985
2024-01-05,1164415.3175707692,2503312.5118303993
2024-01-08,1164291.509653269,2555050.791848066
2024-01-09,1166222.509653269,2560098.42892296
2024-01-10,1166994.509653269,2577449.6813679095
2024-01-11,1167275.509653269,2582812.7957599848
2024-01-12,1170048.509653269,2584137.8004921447
2024-01-16,1165294.6451870692,2583885.4186383993
2024-01-17,1159610.189553069,2569310.3665846423
2024-01-18,1158769.379513769,2605779.544450754
2024-01-19,1172139.855033169,2657454.7290049843
2024-01-22,1181335.9521906688,2660924.9794939742
2024-01-23,1176995.816651069,2671966.6855953056
2024-01-24,1165753.816651069,2686794.1195028075
2024-01-25,1167964.368145069,2690075.083601489
2024-01-26,1165475.6876887688,2674048.8358886996
2024-01-29,1174714.083867969,2701432.2670200006
2024-01-30,1178614.757970369,2683450.05994069
2024-01-31,1160223.757970369,2630891.538898353
2024-02-01,1175615.757970369,2661871.411445517
2024-02-02,1157598.757970369,2706858.4768755124
2024-02-05,1149615.911343969,2703325.130923087
2024-02-06,1150789.911343969,2697898.921067575
2024-02-07,1150972.397440769,2725660.924979494
2024-02-08,1159080.758607269,2730708.562054388
2024-02-09,1159869.9332059692,2757587.2294782004
2024-02-12,1156720.682450569,2746797.9052306134
2024-02-13,1138882.901364269,2703956.0855574487
2024-02-14,1151231.1801762688,2733421.666982144
2024-02-15,1148523.1801762688,2741560.981765411
2024-02-16,1142853.1801762688,2716701.3691715566
2024-02-20,1140171.1801762688,2696195.3435547985
2024-02-21,1135998.1801762688,2685406.019307212
2024-02-22,1148503.165261269,2764022.9667486907
2024-02-23,1145043.175873169,2755883.6519654235
2024-02-26,1145088.123699669,2754432.4563063914
2024-02-27,1144760.7210039692,2761057.4799671904
2024-02-28,1140290.647189469,2746356.2369865603
2024-02-29,1143333.647189469,2769890.844848255
2024-03-01,1163665.7661494692,2811596.9461795697
2024-03-04,1160923.085152469,2801564.767493217
2024-03-05,1137197.3466148693,2751277.683134583
2024-03-06,1155088.1359423692,2768565.8401160957
2024-03-07,1170452.1359423692,2810587.4187645903
2024-03-08,1148194.9014979692,2770017.0357751274
2024-03-11,1142590.8189228722,2759732.4752350305
2024-03-12,1151698.082023872,2799293.330809515
2024-03-13,1143278.082023872,2777777.7777777775
2024-03-14,1133069.082023872,2770774.181336362
2024-03-15,1127481.3765255723,2737838.3494226765
2024-03-18,1123873.1140379722,2760300.3344059563
2024-03-19,1130713.1140379722,2767177.7399204993
2024-03-20,1136196.1140379722,2799987.3809073125
2024-03-21,1145143.1140379722,2813237.42822891
2024-03-22,1139729.8179779723,2816455.296864155
2024-03-25,1138777.8179779723,2806233.831787494
2024-03-26,1135343.8179779723,2797148.0850526844
2024-03-27,1145085.8179779723,2806675.5000315476
2024-03-28,1147378.8179779723,2801501.6720297807
2024-04-01,1143726.8179779723,2807432.6455927817
2024-04-02,1137348.8179779723,2783203.9876332893
2024-04-03,1141475.8179779723,2789450.438513471
2024-04-04,1133157.025386372,2746797.9052306134
2024-04-05,1144646.7432535724,2779165.877973374
2024-04-08,1144534.7432535724,2779986.1189980437
2024-04-09,1141587.7432535724,2790270.6795381415
2024-04-10,1136800.7736103723,2765915.830651776
2024-04-11,1137908.5441121722,2810082.6550571015
2024-04-12,1132957.5441121722,2765284.876017414
2024-04-15,1128484.5441121722,2719793.0468799295
2024-04-16,1125637.8991234722,2720045.4287336743
2024-04-17,1124528.0684721721,2686857.2149662436
2024-04-18,1124988.227206872,2671525.0173512525
2024-04-19,1124988.227206872,2616253.3913811594
2024-04-22,1124988.227206872,2642564.1996340463
2024-04-23,1124988.227206872,2681998.864281658
2024-04-24,1124988.227206872,2691084.6110164677
2024-04-25,1122683.618162872,2678086.945548615
2024-04-26,1123587.618162872,2719414.4740993124
2024-04-29,1125483.618162872,2730456.1802006434
2024-04-30,1118444.4740628721,2678970.2820367212
2024-05-01,1113122.4740628721,2659599.9747618143
2024-05-02,1113288.487229872,2693545.3340904787
2024-05-03,1111824.487229872,2747681.24171872
2024-05-06,1114111.487229872,2777777.7777777775
2024-05-07,1118690.487229872,2778219.446021831
2024-05-08,1114453.487229872,2776578.96397249
2024-05-09,1119351.487229872,2782636.128462363
2024-05-10,1116419.487229872,2789198.056659726
2024-05-13,1120558.849643922,2795633.793930216
2024-05-14,1123408.849643922,2813616.001009527
2024-05-15,1127854.849643922,2857593.539024544
2024-05-16,1129908.849643922,2851788.7563884156
2024-05-17,1129060.849643922,2850400.6561928196
2024-05-20,1130444.849643922,2870275.7271752157
2024-05-21,1129459.840164722,2875891.2234210363
2024-05-22,1127911.840164722,2875323.36425011
2024-05-23,1122349.840164722,2862388.794245694
2024-05-24,1121029.102344722,2889456.7480598143
2024-05-28,1119437.865439922,2900372.2632342735
2024-05-29,1119437.865439922,2879929.3330809516
2024-05-30,1119437.865439922,2849075.65146066
2024-05-31,1119437.865439922,2843775.6325320206
2024-06-03,1119934.5874090223,2859044.734683576
2024-06-04,1121869.5874090223,2866868.5721496623
2024-06-05,1121697.5874090223,2924664.016657202
2024-06-06,1121644.1213562223,2923654.489242223
2024-06-07,1121998.1213562223,2921067.57524134
2024-06-10,1120208.1213562223,2932866.4269039053
2024-06-11,1118909.121356222,2952993.8797400463
2024-06-12,1121859.6082001221,2991671.398826424
2024-06-13,1120299.6082001221,3007886.9329295224
2024-06-14,1121163.6082001221,3023471.5123982583
2024-06-17,1123599.5994535221,3060508.5494352956
2024-06-18,1127067.5994535221,3061454.981386838
2024-06-20,1125004.5994535221,3037857.278061707
2024-06-21,1125840.248312222,3029717.9632784403
2024-06-24,1119788.490225722,2990472.585021137
2024-06-25,1133271.4802257223,3024670.326203546
2024-06-26,1131912.490225722,3030916.7770837275
2024-06-27,1136317.490225722,3038740.614549814
2024-06-28,1126240.490225722,3022966.748690769
2024-07-01,1126087.490225722,3040696.5739163356
2024-07-02,1134618.490225722,3072622.878415042
2024-07-03,1133214.490225722,3098239.6365701305
2024-07-05,1147912.9499498222,3130544.513849454
2024-07-08,1142758.9499498222,3137989.7785349227
2024-07-09,1139846.9499498222,3140702.8834626786
2024-07-10,1148172.9499498222,3173449.428986056
2024-07-11,1130527.7249741224,3103855.1328159506
2024-07-12,1131207.0491391222,3122089.7217490063
2024-07-15,1133677.9913053224,3130481.418386018
2024-07-16,1137952.9913053224,3131680.232191305
2024-07-17,1135232.7287401224,3039750.1419647927
2024-07-18,1136377.0169901224,3025364.376301344
2024-07-19,1124240.0169901224,2998548.8043409674
2024-07-22,1128916.1273847725,3043220.3924537823
2024-07-23,1124204.1273847725,3032494.163669632
2024-07-24,1114119.1273847725,2923717.584705659
2024-07-25,1102813.9588848725,2891475.8028897718
2024-07-26,1107681.6848576723,2921130.6707047764
2024-07-29,1111082.6648576725,2926998.548804341
2024-07-30,1111167.6748576725,2886806.7385954945
2024-07-31,1105513.9821019724,2972237.996088081
2024-08-01,1105522.8256088723,2900246.072307401
2024-08-02,1102570.0963738724,2831408.9216985297
2024-08-05,1075205.9992761724,2746987.1916209226
2024-08-06,1080744.4778542724,2773234.9044103725
2024-08-07,1073677.4778542724,2743201.4638147517
2024-08-08,1082423.5082110725,2827118.4301848696
2024-08-09,1084375.5082110725,2841882.768628936
2024-08-12,1082028.4982110725,2848003.0285822446
2024-08-13,1082779.3136072727,2918669.947630765
2024-08-14,1085509.3136072727,2919616.3795823078
2024-08-15,1085637.3136072727,2993374.9763392014
2024-08-16,1086766.3136072727,2997223.7996088075
2024-08-19,1092786.8136072727,3036595.3687929832
2024-08-20,1093038.3036072724,3030222.7269859295
2024-08-21,1099767.3136072727,3044356.1107956334
2024-08-22,1098558.3136072727,2996088.081266957
2024-08-23,1100395.3036072724,3028582.2449365887
2024-08-26,1103159.3136072727,2999179.7589753293
2024-08-27,1109065.8136072727,3008139.3147832667
2024-08-28,1104409.3136072727,2974004.669064294
2024-08-29,1106398.3136072727,2969651.082087198
2024-08-30,1107935.3136072727,3005047.637074894
2024-09-03,1101227.4555702726,2913811.5969461794
2024-09-04,1100895.8708205726,2906240.141333838
2024-09-05,1091708.8708205726,2908953.246261594
2024-09-06,1090203.7450411725,2831030.3489179127
2024-09-09,1095838.7350411727,2867436.4313205876
2024-09-10,1103231.8082305726,2893936.5259637833
2024-09-11,1098306.2912775725,2956779.6075462173
2024-09-12,1051139.6697729726,2985803.5207268596
2024-09-13,1056298.9850344728,2999179.7589753293
2024-09-16,1057114.9850344728,2985929.711653732
2024-09-17,1055636.7010918725,2987507.0982396365
2024-09-18,1054823.6910918728,2974572.52823522
2024-09-19,1050620.8318238726,3049782.320651145
2024-09-20,1055047.8318238726,3043977.5380150164
2024-09-23,1059491.2952120728,3047763.2658211873
2024-09-24,1060711.2952120726,3062464.508801817
2024-09-25,1057261.4695349727,3065303.804656445
2024-09-26,1059014.6905453727,3088333.6488106507
2024-09-27,1061337.6905453727,3071171.6827560095
2024-09-30,1065659.6905453727,3079500.283929585
2024-10-01,1066602.6905453727,3036595.3687929832
2024-10-02,1068504.4433825726,3040885.8603066434
2024-10-03,1060123.4533825726,3038614.423622941
2024-10-04,1063687.2712785727,3074768.1241718717
2024-10-07,1049999.2712785727,3041832.2922581863
2024-10-08,1054988.8190885226,3087261.025932235
2024-10-09,1060212.8190885228,3111552.779355164
2024-10-10,1057658.8190885228,3108019.4334027376
2024-10-11,1065755.8571088228,3112877.784087324
2024-10-14,1063269.8571088228,3138999.305949902
2024-10-15,1062800.8571088228,3097040.8227648432
2024-10-16,1069588.8571088228,3097419.3955454603
2024-10-17,1074465.9043608229,3099564.6413022904
2024-10-18,1081966.9043608229,3119881.38052874
2024-10-21,1084328.9043608226,3125875.449555177
2024-10-22,1085060.1917207227,3129282.60458073
2024-10-23,1076812.1917207227,3081330.0523692346
2024-10-24,1077221.1917207227,3106315.8558899616
2024-10-25,1078714.0581250768,3125244.494920815
2024-10-28,1083040.2724920767,3125749.2586283046
2024-10-29,1092338.2681568768,3155782.699223926
2024-10-30,1088421.8114140767,3131932.61404505
2024-10-31,1078809.9858533768,3052873.998359518
2024-11-01,1077688.9185475768,3075462.1742696697
2024-11-04,1070055.3741540767,3066502.6184617323
2024-11-05,1080952.2602660768,3105621.8057921636
2024-11-06,1116590.8389450768,3189980.440406334
2024-11-07,1121325.5085584768,3240204.429301533
2024-11-08,1141603.0181226768,3243990.157107704
2024-11-11,1158816.5646007769,3242097.2932046186
2024-11-12,1162696.6925607768,3236229.4151050537
2024-11-13,1156981.333146677,3232065.114518266
2024-11-14,1147784.5714041768,3209603.1295349863
2024-11-15,1135306.5714041768,3133131.4278503377
2024-11-18,1138239.1199586769,3154899.362735819
2024-11-19,1135551.952468677,3176604.2021578643
2024-11-20,1138247.952468677,3174774.4337182157
2024-11-21,1146163.952468677,3186194.712600164
2024-11-22,1147167.952468677,3191305.4451384945
2024-11-25,1148403.9524686767,3196353.0822133883
2024-11-26,1150297.952468677,3213515.0482680295
2024-11-27,1152229.8055136767,3188213.767430122
2024-11-29,1152127.8055136767,3216228.153195785
2024-12-02,1149305.8055136767,3251246.1354028643
2024-12-03,1148637.8055136767,3261215.2186257807
2024-12-04,1149669.805513677,3301533.2197614987
2024-12-05,1148459.415310477,3292384.377563253
2024-12-06,1147883.415310477,3321849.958987949
2024-12-09,1145544.0335322767,3295980.818979115
2024-12-10,1139520.103288777,3284749.8264874755
2024-12-11,1144546.103288777,3343554.7984099938
2024-12-12,1143840.103288777,3321976.1499148207
2024-12-13,1144829.103288777,3347403.6216796013
2024-12-16,1148099.103288777,3395608.555744841
2024-12-17,1144655.295619977,3380654.930910467
2024-12-18,1123959.295619977,3258691.400088334
2024-12-19,1126050.1130500769,3244179.443498012
2024-12-20,1129155.1130500769,3272509.3065808564
2024-12-23,1125414.4743345769,3299072.4966874877
2024-12-24,1128704.4743345769,3343807.180263739
2024-12-26,1129284.4743345769,3341535.743580037
2024-12-27,1125999.4743345769,3297116.537320966
2024-12-30,1122184.4743345769,3253265.190232822
2024-12-31,1119309.4743345769,3225629.377247776
2025-01-02,1119558.3042760768,3219319.830904158
2025-01-03,1119558.3042760768,3272004.5428733677
2025-01-06,1119558.3042760768,3309609.4390813294
2025-01-07,1119558.3042760768,3250552.085305066
2025-01-08,1119558.3042760768,3251119.9444759917
2025-01-10,1119558.3042760768,3200138.810019559
2025-01-13,1119558.3042760768,3189854.2494794624
2025-01-14,1119558.3042760768,3186825.6672345256
2025-01-15,1119558.3042760768,3260142.5957473656
2025-01-16,1119558.3042760768,3237302.0379834687
2025-01-17,1119558.3042760768,3291942.7093192
2025-01-21,1115462.4632152768,3311249.9211306702
2025-01-22,1115590.4632152768,3353586.9770963467
2025-01-23,1115398.4632152768,3360716.764464635
2025-01-24,1114406.4632152768,3341725.0299703446
2025-01-27,1122705.507018677,3244431.825351757
2025-01-28,1124448.718646477,3292384.377563253
2025-01-29,1125144.718646477,3286201.022146508
2025-01-30,1127084.718646477,3300208.215029339
2025-01-31,1127760.718646477,3295412.959808189
2025-02-03,1130748.718646477,3269039.056091867
2025-02-04,1120084.693081677,3309167.7708372767
2025-02-05,1120120.378446777,3324184.4911350873
2025-02-06,1118361.7845651768,3341535.743580037
2025-02-07,1106733.552641077,3299387.9740046686
2025-02-10,1115898.7690391769,3339327.40235977
2025-02-11,1116062.7690391769,3331377.3739668117
2025-02-12,1116978.7690391769,3333333.333333333
2025-02-13,1118310.7690391769,3381285.885544829
2025-02-14,1125298.774922877,3395482.364817969
2025-02-18,1131870.215882877,3403180.011357183
2025-02-19,1130567.215882877,3404126.443308726
2025-02-20,1127606.8217094769,3389677.582181841
2025-02-21,1116387.8217094769,3319326.140450502
2025-02-24,1120031.8407516768,3280143.8576566344
2025-02-25,1124069.659012277,3238816.3291059374
2025-02-26,1125970.686954977,3246640.166572023
2025-02-27,1105533.686954977,3156476.7493217234
2025-02-28,1112068.208115567,3206322.165436305
2025-03-03,1111015.216830717,3136160.010095274
2025-03-04,1096415.216830717,3126695.6905798474
2025-03-05,1093651.4276835169,3167455.3599596187
2025-03-06,1083047.7796497168,3080320.5249542557
2025-03-07,1086803.581160117,3102971.796327844
2025-03-10,1080395.581160117,2982711.843018487
2025-03-11,1069997.406933317,2975582.055650199
2025-03-12,1070836.495893817,3009148.842198246
2025-03-13,1070836.495893817,2955012.934570004
2025-03-14,1070836.495893817,3026436.999179759
2025-03-17,1070836.495893817,3046059.6883084103
2025-03-18,1070836.495893817,2994132.121900435
2025-03-19,1070836.495893817,3034197.7411824088
2025-03-20,1070836.495893817,3023913.1806423115
2025-03-21,1070836.495893817,3033882.263865228
2025-03-24,1070836.495893817,3095842.008959556
2025-03-25,1070836.495893817,3113508.7387216855
2025-03-26,1070836.495893817,3056218.0579216355
2025-03-27,1070836.495893817,3038803.71001325
2025-03-28,1070836.495893817,2958798.662376175
2025-03-31,1070836.495893817,2958672.4714493025
2025-04-01,1070836.495893817,2982522.5566281783
2025-04-02,1070836.495893817,3004290.4915136597
2025-04-03,1070836.495893817,2843460.15521484
2025-04-04,1070836.495893817,2666855.9530569753
2025-04-07,1070836.495893817,2673291.690327465
2025-04-08,1070836.495893817,2625149.8517256607
2025-04-09,1070836.495893817,2940248.5961259385
2025-04-10,1070836.495893817,2815193.3875954314
2025-04-11,1070836.495893817,2867057.8585399706
2025-04-14,1070836.495893817,2886491.261278314
2025-04-15,1070836.495893817,2889709.129913559
2025-04-16,1070836.495893817,2802574.294908196
2025-04-17,1070836.495893817,2802069.5312007065
2025-04-21,1070836.495893817,2732727.616884346
2025-04-22,1070836.495893817,2804467.1588112814
2025-04-23,1070836.495893817,2868067.3859549495
2025-04-24,1070836.495893817,2948766.4836898227
2025-04-25,1070836.495893817,2981639.220140072
2025-04-28,1070836.495893817,2980692.7881885297
2025-04-29,1070836.495893817,3000378.5727806166
2025-04-30,1070836.495893817,3000000.0
2025-05-01,1070836.495893817,3039182.282793867
2025-05-02,1070836.495893817,3084295.539150735
2025-05-05,1070836.495893817,3065997.854754243
2025-05-06,1070836.495893817,3037478.70528109
2025-05-07,1070836.495893817,3049403.747870528
2025-05-08,1070836.495893817,3080888.3841251815
2025-05-09,1070836.495893817,3078869.3292952236
2025-05-12,1070836.495893817,3204303.1106063477
2025-05-13,1070836.495893817,3253138.99930595
2025-05-14,1070836.495893817,3272635.4975077286
2025-05-15,1070836.495893817,3276231.938923591
2025-05-16,1070836.495893817,3290491.5136601673
2025-05-19,1071208.0628407667,3293646.286831977
2025-05-20,1071625.0628407667,3282667.676194081
2025-05-21,1064095.868098367,3237049.656129724
2025-05-22,1066050.868098367,3243106.820619597
2025-05-23,1067281.5339831668,3213073.3800239763
2025-05-27,1073417.5339831668,3288661.7452205187
2025-05-28,1072176.5339831668,3274086.6931667607
2025-05-29,1069893.5339831668,3280522.430437251
2025-05-30,1075790.5339831668,3275348.6024354845
2025-06-02,1081308.303234967,3301217.7424443183
2025-06-03,1083872.303234967,3327023.786989715
2025-06-04,1083607.303234967,3336298.820114834
2025-06-05,1089624.303234967,3311186.825667234
2025-06-06,1102121.303234967,3343554.7984099938
2025-06-09,1097227.303234967,3348476.2445580163
2025-06-10,1096374.303234967,3370622.752224115
2025-06-11,1091362.584597467,3359265.5688056024
2025-06-12,1098373.584597467,3367152.5017351247
2025-06-13,1091605.584597467,3324878.5412328853
2025-06-16,1098795.584597467,3371127.515931604
2025-06-17,1096177.584597467,3338254.7794813556
2025-06-18,1094396.584597467,3337686.9203104293
2025-06-20,1088041.7608890668,3324058.300208215
2025-06-23,1096714.164810367,3354470.313584453
2025-06-24,1093937.164810367,3405766.9253580663
2025-06-25,1086044.694194867,3414474.099312259
2025-06-26,1086441.694194867,3446400.4038109663
2025-06-27,1085995.694194867,3458199.2554735313
2025-06-30,1092888.637982767,3480598.1449933746
2025-07-01,1078868.637982767,3451258.7544955513
2025-07-02,1077173.637982767,3475298.1260647355
2025-07-03,1091487.637982767,3509495.867247145
2025-07-07,1091115.704546967,3483058.8680673856
2025-07-08,1088770.704546967,3485014.827433908
2025-07-09,1096644.704546967,3509685.153637453
2025-07-10,1080780.704546967,3504637.516562559
2025-07-11,1077031.124445367,3496750.583633037
2025-07-14,1083395.942844567,3509432.7717837086
2025-07-15,1074935.9428445671,3512650.6404189537
2025-07-16,1071482.8999827672,3516247.081834816
2025-07-17,1074276.8999827672,3544703.1358445324
2025-07-18,1073330.501353567,3541295.980818979
2025-07-21,1076198.5246270671,3559656.760678907
2025-07-22,1080905.5246270671,3541232.8853555424
2025-07-23,1082369.5246270671,3557385.323995204
2025-07-24,1085379.062516967,3564956.779607546
2025-07-25,1095366.4557016671,3573537.7626348664
2025-07-28,1096489.024545367,3584705.65966307
2025-07-29,1101375.043389667,3579153.258880686
2025-07-30,1098599.043389667,3583948.514101836
2025-07-31,1022815.4543924171,3564956.779607546
2025-08-01,999239.5521108671,3494731.528803079
2025-08-04,1010559.0476610671,3559215.092434854
2025-08-05,1009161.0476610671,3535049.529938797
2025-08-06,1011079.0476610671,3579531.8316613035
2025-08-07,1005721.7907650671,3591646.1606410495
2025-08-08,1009156.5036156671,3625149.8517256607
2025-08-11,999393.0251269671,3614423.6229415103
2025-08-12,1013518.2826723672,3659852.3566155587
2025-08-13,1011928.2826723672,3661682.125055209
2025-08-14,1006053.2826723672,3658842.8292005803
2025-08-15,1003613.9894888671,3642753.486024355
2025-08-18,998816.9661088672,3641302.2903653225
2025-08-19,1002804.9661088672,3591898.5424947944
2025-08-20,993815.9661088672,3570572.2758533657
2025-08-21,998798.9661088672,3554041.264433087
2025-08-22,1009760.9661088672,3608871.222159127
2025-08-25,1010496.0132316672,3598460.4706921573
2025-08-26,1004758.0431569673,3612909.331819042
2025-08-27,1003854.0431569673,3618461.7326014256
2025-08-28,1007698.0431569673,3641113.003975014
2025-08-29,1005985.0431569673,3598965.234399646
2025-09-02,1003915.0431569673,3568805.602877153
2025-09-03,1028365.0732889673,3596883.0841062525
2025-09-04,1026759.6805715172,3629440.3432393214
2025-09-05,1026949.1900373172,3634677.2667045235
2025-09-08,1027884.1900373172,3652407.09193009
2025-09-09,1030076.4369133172,3662754.747933623
2025-09-10,1017485.4369133172,3663953.561738911
2025-09-11,1026370.5152508172,3685279.8283803393
2025-09-12,1021223.5152508172,3701558.4579468733
2025-09-15,1024453.0216007172,3733232.380591835
2025-09-16,1027610.1377171172,3730077.607420026
2025-09-17,1033078.2471063172,3722632.342734557
2025-09-18,1026386.2471063172,3756199.129282605
2025-09-19,1017022.2471063172,3781626.6010473846
2025-09-22,1017368.3301245172,3799608.808126696
2025-09-23,1019203.7034939172,3774370.622752224
2025-09-24,1019215.6690499173,3761120.575430626
2025-09-25,1022501.6690499173,3744905.041327528
2025-09-26,1029863.6690499173,3760300.3344059563
2025-09-29,1036013.6690499173,3777714.6823143414
2025-09-30,1032619.6690499173,3788062.338317875
2025-10-01,1033267.6690499173,3806233.831787494
2025-10-02,1036409.5238247173,3821881.5067196665
2025-10-03,1035577.5238247173,3805792.163543441
2025-10-06,1032999.5238247173,3834374.40848003
2025-10-07,1034449.5238247173,3814183.860180453
2025-10-08,1029643.5238247173,3857909.016341725
2025-10-09,1025168.9330859173,3853239.9520474477
2025-10-10,1009996.9330859173,3719477.5695627485
2025-10-13,1013936.8276543174,3798409.9943214078
2025-10-14,1014368.8229733174,3773108.7134835003
2025-10-15,1016636.8229733174,3799734.9990535676
2025-10-16,1015274.8229733174,3785664.7107073
2025-10-17,1016546.8229733174,3810524.323301154
2025-10-20,1017110.8229733174,3858539.970976087
2025-10-21,1016179.5616913174,3857530.4435611074
2025-10-22,1011187.5616913174,3820367.2155971983
2025-10-23,1011134.5616913174,3852482.8064862136
2025-10-24,1013108.5616913174,3893621.0486466023
2025-10-27,1015593.5616913174,3962962.9629629627
2025-10-28,1014403.1780589174,3993438.071802637
2025-10-29,1012931.8694207175,4011420.278881948
2025-10-30,1006488.8694207175,3950091.488421982
2025-10-31,1006434.5511655174,3969146.3183797086
2025-11-03,1007658.4330538175,3988138.0528739984
2025-11-04,1007148.4330538175,3907186.573285381
2025-11-05,1008596.4330538175,3932614.0450501605
2025-11-06,1005195.4330538175,3859360.2120007565
2025-11-07,993070.4330538175,3847182.7875575745
2025-11-10,994107.5382084175,3932298.56773298
2025-11-11,997746.5382084175,3921824.7208025744
2025-11-12,996964.5382084175,3918733.0430942015
2025-11-13,995786.5382084175,3838727.9954571263
2025-11-14,994391.5382084175,3841630.386775191
2025-11-17,990863.5382084175,3808820.7457883777
2025-11-18,991294.5382084175,3762445.580162786
2025-11-19,992349.5382084175,3784907.565146066
2025-11-20,978982.6394948175,3695312.0070666918
2025-11-21,1001704.6394948175,3723074.0109786107
2025-11-24,1019132.6394948175,3818285.065303804
2025-11-25,1028989.8831868176,3841819.6731654988
2025-11-26,1028350.8831868176,3875765.032494163
2025-11-28,1029741.8831868176,3907186.573285381
2025-12-01,1030576.8831868176,3894062.716890655
2025-12-02,1028509.2834967176,3924537.82573033
2025-12-03,1032803.2834967176,3934128.3361726287
2025-12-04,1027634.2834967176,3930468.799293331
2025-12-05,1027382.2834967176,3946495.04700612
2025-12-08,1015846.2834967176,3938923.5913937786
2025-12-09,1015961.0510217176,3943781.942078364
2025-12-10,1027393.7480772176,3959934.380718026
2025-12-11,1020100.7051523176,3947126.001640482
2025-12-12,1016730.1049163176,3871663.8273708117
2025-12-15,1014121.1049163176,3852230.4246324683
2025-12-16,1008306.8128393176,3859864.975708246
2025-12-17,997899.8128393176,3788314.720171619
2025-12-18,1002819.3998129177,3843207.773361095
2025-12-19,1005928.7897897176,3893305.571329421
2025-12-22,1007762.7982422176,3906934.191431636
2025-12-23,1003307.7982422176,3925231.875828128
2025-12-24,1003286.4512854177,3936715.250173512
2025-12-26,1003106.4512854177,3936462.8683197675
2025-12-29,1000444.4512854177,3917408.0383620416
2025-12-30,996317.4512854177,3908322.2916272315
2025-12-31,988811.4512854177,3876017.414347908
2026-01-02,998614.4512854177,3868509.054199003
2026-01-05,1012172.4512854177,3899236.544892422
2026-01-06,1027156.4512854177,3933497.381538267
2026-01-07,1027936.8816692177,3937283.1093444377
2026-01-08,1025172.8916692177,3914884.219824595
2026-01-09,1031360.5010412177,3953877.216228153
2026-01-12,1027342.1733738177,3957158.180326834
2026-01-13,1027904.5890131177,3951290.3022272694
2026-01-14,1018387.8014507177,3909079.4371884656
2026-01-15,1033870.8014507177,3923149.725534734
2026-01-16,1036301.0442314177,3919868.7614360526
2026-01-20,1030754.3309934178,3836582.749700296
2026-01-21,1049002.6497724177,3888447.220644835
2026-01-22,1052699.902249368,3916713.9882642436
2026-01-23,1048478.9022493678,3929080.699097735
2026-01-26,1051467.902249368,3946368.8560792482
2026-01-27,1060569.902249368,3982143.983847561
2026-01-28,1064896.8943335677,3995330.935705723
2026-01-29,1066206.8727084708,3971417.7550634104
2026-01-30,1060956.8727084708,3923717.584705659
2026-02-02,1069625.8727084708,3950659.3475929075
2026-02-03,1068548.8727084708,3889961.5117673036
2026-02-04,1084073.5318276708,3822007.6976465387
2026-02-05,1081311.8829340707,3766988.4535301905
2026-02-06,1094833.8346404708,3846614.9283866487
2026-02-09,1092768.8346404708,3876080.5098113446
2026-02-10,1088299.8346404708,3858098.3027320337
2026-02-11,1101297.4732568706,3868445.958735567
2026-02-12,1083209.4732568706,3789765.9158306513
2026-02-13,1091073.0809818706,3797842.135150482
2026-02-17,1084651.1475304707,3793930.2164174393
2026-02-18,1088688.3026584708,3822260.0795002836
2026-02-19,1083703.3026584708,3807621.9319830905
2026-02-20,1095231.3026584708,3841314.9094580095
2026-02-23,1097446.2110379706,3794624.2665152373
2026-02-24,1101428.2110379706,3835383.935895009
2026-02-25,1099859.2110379706,3890971.039182282
2026-02-26,1099581.2110379706,3844028.014385766
2026-02-27,1105735.0038523707,3831724.39901571
2026-03-02,1100521.1493034707,3836772.036090605
2026-03-03,1087969.8852986707,3795696.8893936523
2026-03-04,1101821.4452555208,3853555.429364628
2026-03-05,1095063.4452555208,3841945.8640923714
2026-03-06,1092749.5957531207,3784150.4195848317
2026-03-09,1092617.5957531207,3834689.8857972105
2026-03-10,1085882.5957531207,3834752.981260647
2026-03-11,1084097.8796943708,3834248.2175531583
2026-03-12,1076562.8796943708,3768439.649189223
2026-03-13,1078821.0347141707,3746103.855132816
2026-03-16,1077817.0347141707,3788125.433781311
2026-03-17,1082236.4008701707,3806612.404568111
2026-03-18,1084204.4008701707,3753549.1198182846
2026-03-19,1084708.4008701707,3741687.172692283
2026-03-20,1086492.4008701707,3672534.5447662305
2026-03-23,1085884.4008701707,3710013.2500473214
2026-03-24,1090108.4008701707,3684648.8737459774
2026-03-25,1089276.4008701707,3708877.5317054703
2026-03-26,1094212.4008701707,3620354.596504511
2026-03-27,1093932.4008701707,3549624.5819925545
2026-03-30,1091380.4008701707,3522493.5327149974
2026-03-31,1090692.4008701707,3641743.958609375
2026-04-01,1084956.4008701707,3686731.024039371
2026-04-02,1087564.4008701707,3690958.4200895955
2026-04-06,1087876.4008701707,3713168.02321913
2026-04-07,1088860.4008701707,3713735.8823900563
2026-04-08,1081636.4008701707,3824152.9434033693
2026-04-09,1082640.9571829706,3850022.083412203
2026-04-10,1082640.9571829706,3855574.4841945865
2026-04-13,1082640.9571829706,3895450.8170862515
2026-04-14,1082640.9571829706,3966180.8315982083
2026-04-15,1082640.9571829706,4021704.8394220453
2026-04-16,1082640.9571829706,4041075.1466969526
2026-04-17,1082640.9571829706,4093949.1450564703
2026-04-20,1082640.9571829706,4080951.4795886176
2026-04-21,1082640.9571829706,4065429.995583318
2026-04-22,1082640.9571829706,4133446.905167518
2026-04-23,1082640.9571829706,4110164.6791595677
2026-04-24,1087906.8377193706,4188781.6266010473
2026-04-27,1086674.8377193706,4190989.967821314
2026-04-28,1085112.8377193706,4148842.198245946
2026-04-29,1087620.8377193706,4174206.5745472903
2026-04-30,1089512.8377193706,4213136.475487413
2026-05-01,1088302.8377193706,4253580.667550003
2026-05-04,1086089.2989922205,4245567.543693608
