date,n_positions,market_value,cash
2018-01-02,0,0.0,1000000.0
2018-01-03,0,0.0,1000000.0
2018-01-04,0,0.0,1000000.0
2018-01-05,0,0.0,1000000.0
2018-01-08,0,0.0,1000000.0
2018-01-09,0,0.0,1000000.0
2018-01-10,0,0.0,1000000.0
2018-01-11,0,0.0,1000000.0
2018-01-12,0,0.0,1000000.0
2018-01-16,0,0.0,1000000.0
2018-01-17,0,0.0,1000000.0
2018-01-18,0,0.0,1000000.0
2018-01-19,0,0.0,1000000.0
2018-01-22,0,0.0,1000000.0
2018-01-23,0,0.0,1000000.0
2018-01-24,0,0.0,1000000.0
2018-01-25,0,0.0,1000000.0
2018-01-26,0,0.0,1000000.0
2018-01-29,0,0.0,1000000.0
2018-01-30,0,0.0,1000000.0
2018-01-31,0,0.0,1000000.0
2018-02-01,0,0.0,1000000.0
2018-02-02,0,0.0,1000000.0
2018-02-05,0,0.0,1000000.0
2018-02-06,0,0.0,1000000.0
2018-02-07,0,0.0,1000000.0
2018-02-08,0,0.0,1000000.0
2018-02-09,0,0.0,1000000.0
2018-02-12,0,0.0,1000000.0
2018-02-13,0,0.0,1000000.0
2018-02-14,0,0.0,1000000.0
2018-02-15,0,0.0,1000000.0
2018-02-16,0,0.0,1000000.0
2018-02-20,0,0.0,1000000.0
2018-02-21,0,0.0,1000000.0
2018-02-22,0,0.0,1000000.0
2018-02-23,0,0.0,1000000.0
2018-02-26,0,0.0,1000000.0
2018-02-27,0,0.0,1000000.0
2018-02-28,0,0.0,1000000.0
2018-03-01,0,0.0,1000000.0
2018-03-02,0,0.0,1000000.0
2018-03-05,0,0.0,1000000.0
2018-03-06,0,0.0,1000000.0
2018-03-07,0,0.0,1000000.0
2018-03-08,0,0.0,1000000.0
2018-03-09,0,0.0,1000000.0
2018-03-12,0,0.0,1000000.0
2018-03-13,0,0.0,1000000.0
2018-03-14,0,0.0,1000000.0
2018-03-15,0,0.0,1000000.0
2018-03-16,0,0.0,1000000.0
2018-03-19,0,0.0,1000000.0
2018-03-20,0,0.0,1000000.0
2018-03-21,0,0.0,1000000.0
2018-03-22,0,0.0,1000000.0
2018-03-23,0,0.0,1000000.0
2018-03-26,0,0.0,1000000.0
2018-03-27,0,0.0,1000000.0
2018-03-28,0,0.0,1000000.0
2018-03-29,0,0.0,1000000.0
2018-04-02,0,0.0,1000000.0
2018-04-03,0,0.0,1000000.0
2018-04-04,0,0.0,1000000.0
2018-04-05,0,0.0,1000000.0
2018-04-06,0,0.0,1000000.0
2018-04-09,0,0.0,1000000.0
2018-04-10,0,0.0,1000000.0
2018-04-11,0,0.0,1000000.0
2018-04-12,0,0.0,1000000.0
2018-04-13,0,0.0,1000000.0
2018-04-16,0,0.0,1000000.0
2018-04-17,0,0.0,1000000.0
2018-04-18,0,0.0,1000000.0
2018-04-19,0,0.0,1000000.0
2018-04-20,0,0.0,1000000.0
2018-04-23,0,0.0,1000000.0
2018-04-24,0,0.0,1000000.0
2018-04-25,0,0.0,1000000.0
2018-04-26,0,0.0,1000000.0
2018-04-27,0,0.0,1000000.0
2018-04-30,0,0.0,1000000.0
2018-05-01,0,0.0,1000000.0
2018-05-02,0,0.0,1000000.0
2018-05-03,0,0.0,1000000.0
2018-05-04,0,0.0,1000000.0
2018-05-07,0,0.0,1000000.0
2018-05-08,0,0.0,1000000.0
2018-05-09,0,0.0,1000000.0
2018-05-10,0,0.0,1000000.0
2018-05-11,0,0.0,1000000.0
2018-05-14,0,0.0,1000000.0
2018-05-15,0,0.0,1000000.0
2018-05-16,0,0.0,1000000.0
2018-05-17,0,0.0,1000000.0
2018-05-18,0,0.0,1000000.0
2018-05-21,0,0.0,1000000.0
2018-05-22,0,0.0,1000000.0
2018-05-23,0,0.0,1000000.0
2018-05-24,0,0.0,1000000.0
2018-05-25,0,0.0,1000000.0
2018-05-29,0,0.0,1000000.0
2018-05-30,0,0.0,1000000.0
2018-05-31,0,0.0,1000000.0
2018-06-01,0,0.0,1000000.0
2018-06-04,0,0.0,1000000.0
2018-06-05,0,0.0,1000000.0
2018-06-06,0,0.0,1000000.0
2018-06-07,0,0.0,1000000.0
2018-06-08,0,0.0,1000000.0
2018-06-11,0,0.0,1000000.0
2018-06-12,0,0.0,1000000.0
2018-06-13,0,0.0,1000000.0
2018-06-14,0,0.0,1000000.0
2018-06-15,0,0.0,1000000.0
2018-06-18,0,0.0,1000000.0
2018-06-19,0,0.0,1000000.0
2018-06-20,0,0.0,1000000.0
2018-06-21,0,0.0,1000000.0
2018-06-22,0,0.0,1000000.0
2018-06-25,0,0.0,1000000.0
2018-06-26,0,0.0,1000000.0
2018-06-27,0,0.0,1000000.0
2018-06-28,0,0.0,1000000.0
2018-06-29,0,0.0,1000000.0
2018-07-02,0,0.0,1000000.0
2018-07-03,0,0.0,1000000.0
2018-07-05,0,0.0,1000000.0
2018-07-06,0,0.0,1000000.0
2018-07-09,0,0.0,1000000.0
2018-07-10,0,0.0,1000000.0
2018-07-11,0,0.0,1000000.0
2018-07-12,0,0.0,1000000.0
2018-07-13,0,0.0,1000000.0
2018-07-16,0,0.0,1000000.0
2018-07-17,0,0.0,1000000.0
2018-07-18,0,0.0,1000000.0
2018-07-19,0,0.0,1000000.0
2018-07-20,0,0.0,1000000.0
2018-07-23,0,0.0,1000000.0
2018-07-24,0,0.0,1000000.0
2018-07-25,0,0.0,1000000.0
2018-07-26,0,0.0,1000000.0
2018-07-27,0,0.0,1000000.0
2018-07-30,0,0.0,1000000.0
2018-07-31,0,0.0,1000000.0
2018-08-01,0,0.0,1000000.0
2018-08-02,0,0.0,1000000.0
2018-08-03,0,0.0,1000000.0
2018-08-06,0,0.0,1000000.0
2018-08-07,0,0.0,1000000.0
2018-08-08,0,0.0,1000000.0
2018-08-09,0,0.0,1000000.0
2018-08-10,0,0.0,1000000.0
2018-08-13,0,0.0,1000000.0
2018-08-14,0,0.0,1000000.0
2018-08-15,0,0.0,1000000.0
2018-08-16,0,0.0,1000000.0
2018-08-17,0,0.0,1000000.0
2018-08-20,0,0.0,1000000.0
2018-08-21,0,0.0,1000000.0
2018-08-22,0,0.0,1000000.0
2018-08-23,0,0.0,1000000.0
2018-08-24,0,0.0,1000000.0
2018-08-27,0,0.0,1000000.0
2018-08-28,0,0.0,1000000.0
2018-08-29,0,0.0,1000000.0
2018-08-30,0,0.0,1000000.0
2018-08-31,0,0.0,1000000.0
2018-09-04,0,0.0,1000000.0
2018-09-05,0,0.0,1000000.0
2018-09-06,0,0.0,1000000.0
2018-09-07,0,0.0,1000000.0
2018-09-10,0,0.0,1000000.0
2018-09-11,0,0.0,1000000.0
2018-09-12,0,0.0,1000000.0
2018-09-13,0,0.0,1000000.0
2018-09-14,0,0.0,1000000.0
2018-09-17,0,0.0,1000000.0
2018-09-18,0,0.0,1000000.0
2018-09-19,0,0.0,1000000.0
2018-09-20,0,0.0,1000000.0
2018-09-21,0,0.0,1000000.0
2018-09-24,0,0.0,1000000.0
2018-09-25,0,0.0,1000000.0
2018-09-26,0,0.0,1000000.0
2018-09-27,0,0.0,1000000.0
2018-09-28,0,0.0,1000000.0
2018-10-01,0,0.0,1000000.0
2018-10-02,0,0.0,1000000.0
2018-10-03,0,0.0,1000000.0
2018-10-04,0,0.0,1000000.0
2018-10-05,0,0.0,1000000.0
2018-10-08,0,0.0,1000000.0
2018-10-09,0,0.0,1000000.0
2018-10-10,0,0.0,1000000.0
2018-10-11,0,0.0,1000000.0
2018-10-12,0,0.0,1000000.0
2018-10-15,0,0.0,1000000.0
2018-10-16,0,0.0,1000000.0
2018-10-17,0,0.0,1000000.0
2018-10-18,0,0.0,1000000.0
2018-10-19,0,0.0,1000000.0
2018-10-22,0,0.0,1000000.0
2018-10-23,0,0.0,1000000.0
2018-10-24,0,0.0,1000000.0
2018-10-25,0,0.0,1000000.0
2018-10-26,0,0.0,1000000.0
2018-10-29,0,0.0,1000000.0
2018-10-30,0,0.0,1000000.0
2018-10-31,0,0.0,1000000.0
2018-11-01,0,0.0,1000000.0
2018-11-02,0,0.0,1000000.0
2018-11-05,0,0.0,1000000.0
2018-11-06,0,0.0,1000000.0
2018-11-07,0,0.0,1000000.0
2018-11-08,0,0.0,1000000.0
2018-11-09,0,0.0,1000000.0
2018-11-12,0,0.0,1000000.0
2018-11-13,0,0.0,1000000.0
2018-11-14,0,0.0,1000000.0
2018-11-15,0,0.0,1000000.0
2018-11-16,0,0.0,1000000.0
2018-11-19,0,0.0,1000000.0
2018-11-20,0,0.0,1000000.0
2018-11-21,0,0.0,1000000.0
2018-11-23,0,0.0,1000000.0
2018-11-26,0,0.0,1000000.0
2018-11-27,0,0.0,1000000.0
2018-11-28,0,0.0,1000000.0
2018-11-29,0,0.0,1000000.0
2018-11-30,0,0.0,1000000.0
2018-12-03,0,0.0,1000000.0
2018-12-04,0,0.0,1000000.0
2018-12-06,0,0.0,1000000.0
2018-12-07,0,0.0,1000000.0
2018-12-10,0,0.0,1000000.0
2018-12-11,0,0.0,1000000.0
2018-12-12,0,0.0,1000000.0
2018-12-13,0,0.0,1000000.0
2018-12-14,0,0.0,1000000.0
2018-12-17,0,0.0,1000000.0
2018-12-18,0,0.0,1000000.0
2018-12-19,0,0.0,1000000.0
2018-12-20,0,0.0,1000000.0
2018-12-21,0,0.0,1000000.0
2018-12-24,0,0.0,1000000.0
2018-12-26,0,0.0,1000000.0
2018-12-27,0,0.0,1000000.0
2018-12-28,0,0.0,1000000.0
2018-12-31,0,0.0,1000000.0
2019-01-02,0,0.0,1000000.0
2019-01-03,0,0.0,1000000.0
2019-01-04,0,0.0,1000000.0
2019-01-07,0,0.0,1000000.0
2019-01-08,0,0.0,1000000.0
2019-01-09,0,0.0,1000000.0
2019-01-10,0,0.0,1000000.0
2019-01-11,0,0.0,1000000.0
2019-01-14,0,0.0,1000000.0
2019-01-15,0,0.0,1000000.0
2019-01-16,0,0.0,1000000.0
2019-01-17,0,0.0,1000000.0
2019-01-18,0,0.0,1000000.0
2019-01-22,0,0.0,1000000.0
2019-01-23,0,0.0,1000000.0
2019-01-24,0,0.0,1000000.0
2019-01-25,0,0.0,1000000.0
2019-01-28,0,0.0,1000000.0
2019-01-29,0,0.0,1000000.0
2019-01-30,0,0.0,1000000.0
2019-01-31,0,0.0,1000000.0
2019-02-01,0,0.0,1000000.0
2019-02-04,0,0.0,1000000.0
2019-02-05,0,0.0,1000000.0
2019-02-06,0,0.0,1000000.0
2019-02-07,0,0.0,1000000.0
2019-02-08,0,0.0,1000000.0
2019-02-11,0,0.0,1000000.0
2019-02-12,0,0.0,1000000.0
2019-02-13,0,0.0,1000000.0
2019-02-14,0,0.0,1000000.0
2019-02-15,0,0.0,1000000.0
2019-02-19,1,145040.0,855792.730794
2019-02-20,2,292231.0,714233.9008815
2019-02-21,3,441613.0,568352.4575739
2019-02-22,3,444466.0,568352.4575739
2019-02-25,3,444305.0,568352.4575739
2019-02-26,3,443085.0,568352.4575739
2019-02-27,3,440463.0,568352.4575739
2019-02-28,5,728559.0,271266.6585639
2019-03-01,6,897313.0,131189.75309540002
2019-03-04,6,881584.0,131189.75309540002
2019-03-05,5,750699.0,257256.69066470006
2019-03-06,5,751080.0,257256.69066470006
2019-03-07,6,910957.0,107917.75742120008
2019-03-08,6,910854.0,107917.75742120008
2019-03-11,6,928714.0,107917.75742120008
2019-03-12,6,930541.0,107917.75742120008
2019-03-13,6,935807.0,107917.75742120008
2019-03-14,7,1035456.0,11041.953396200086
2019-03-15,7,975868.0,76572.79658180014
2019-03-18,9,1043227.0,11038.693247100146
2019-03-19,9,1041812.0,11038.693247100146
2019-03-20,9,1038775.0,11038.693247100146
2019-03-21,9,1055802.0,11038.693247100146
2019-03-22,9,1042166.0,11038.693247100146
2019-03-25,9,1044432.0,11038.693247100146
2019-03-26,8,1041980.9999999999,21627.912528000146
2019-03-27,8,1036539.9999999999,21627.912528000146
2019-03-28,8,1022466.0,30144.760199800192
2019-03-29,7,892378.0000000001,168624.5437978002
2019-04-01,7,900551.0000000001,168624.5437978002
2019-04-02,7,894988.0,174547.16788960018
2019-04-03,7,901862.0,174547.16788960018
2019-04-04,8,1040034.0000000001,29975.42537440019
2019-04-05,8,1047788.0000000001,29975.42537440019
2019-04-08,8,1043468.0000000001,29975.42537440019
2019-04-09,9,1062273.0000000002,7232.8916605001905
2019-04-10,9,1069164.0000000002,7232.8916605001905
2019-04-11,9,1073745.0000000002,7232.8916605001905
2019-04-12,9,1080840.0000000002,7232.8916605001905
2019-04-15,9,1085763.0000000002,7232.8916605001905
2019-04-16,9,1084192.0000000002,7232.8916605001905
2019-04-17,9,1084919.0000000002,7232.8916605001905
2019-04-18,9,1085207.0,8261.90978570019
2019-04-22,9,1087739.0,8261.90978570019
2019-04-23,9,1102816.0,8261.90978570019
2019-04-24,10,1105094.0,1574.225082000191
2019-04-25,9,963775.0,144179.6396193002
2019-04-26,9,964578.0,160025.13799580018
2019-04-29,9,1004475.0,120985.58478340015
2019-04-30,9,1016324.0,120985.58478340015
2019-05-01,9,1011651.0,116921.49837910017
2019-05-02,10,1125977.0,8630.870934100181
2019-05-03,10,1135141.0,8630.870934100181
2019-05-06,9,971397.0,163759.98723340017
2019-05-07,9,955280.0,163759.98723340017
2019-05-08,6,632689.0,478175.80918090016
2019-05-09,6,632354.0,478175.80918090016
2019-05-10,6,634650.0,478175.80918090016
2019-05-13,5,561518.0,535491.2193979002
2019-05-14,4,566025.0,542209.4763160001
2019-05-15,4,572769.0,542209.4763160001
2019-05-16,4,581922.0,542209.4763160001
2019-05-17,6,865070.9999999999,250389.51558370012
2019-05-20,6,857240.9999999999,250389.51558370012
2019-05-21,5,720771.0,389875.9890841001
2019-05-22,5,719024.0,389875.9890841001
2019-05-23,5,707112.0,389875.9890841001
2019-05-24,3,410510.0000000001,690257.0757157
2019-05-28,3,405082.0000000001,690257.0757157
2019-05-29,3,440460.0000000001,650068.9521583001
2019-05-30,3,443951.0000000001,650068.9521583001
2019-05-31,3,435312.0000000001,650068.9521583001
2019-06-03,2,284202.0,789765.1527217
2019-06-04,0,0.0,1076188.4039605
2019-06-05,1,115488.00000000012,959318.6355451
2019-06-06,4,511319.0,565679.4512067
2019-06-07,4,516354.0,565679.4512067
2019-06-10,6,804579.0,280292.84490190004
2019-06-11,6,796066.0,280292.84490190004
2019-06-12,6,798864.0,280292.84490190004
2019-06-13,6,790818.0,280292.84490190004
2019-06-14,5,660164.0,413900.96843650006
2019-06-17,5,658939.0,413900.96843650006
2019-06-18,5,658589.0,413900.96843650006
2019-06-19,6,815910.0000000001,264281.6711090001
2019-06-20,7,968963.0,117466.01462150013
2019-06-21,8,1073544.0,9535.85528450014
2019-06-24,9,1079340.0,1521.44768330014
2019-06-25,9,1066951.0,1521.44768330014
2019-06-26,8,951369.0,109409.04369170015
2019-06-27,5,523704.0,543624.9588260001
2019-06-28,5,527153.0,543624.9588260001
2019-07-01,8,960624.0,115703.25481620015
2019-07-02,8,958226.0,115703.25481620015
2019-07-03,8,965804.0,115703.25481620015
2019-07-05,8,965874.0,115703.25481620015
2019-07-08,8,957770.0,115703.25481620015
2019-07-09,8,960265.0,115703.25481620015
2019-07-10,9,1026930.0,58369.80093850014
2019-07-11,9,1033700.0,58369.80093850014
2019-07-12,9,1040679.0,58369.80093850014
2019-07-15,10,1087249.0,10505.643997900144
2019-07-16,10,1081534.0,10505.643997900144
2019-07-17,10,1092677.0,10505.643997900144
2019-07-18,9,1084120.0,18716.957864500142
2019-07-19,9,1074090.0,18716.957864500142
2019-07-22,8,940924.0,156038.24911450015
2019-07-23,8,943951.0,156038.24911450015
2019-07-24,9,1095008.0,16707.31236950017
2019-07-25,9,1070347.0,32198.418332300178
2019-07-26,10,1102311.0000000002,3965.7550735001823
2019-07-29,8,839616.0,259467.24762370018
2019-07-30,8,832982.0,259467.24762370018
2019-07-31,8,824236.0,259467.24762370018
2019-08-01,6,728475.0,334048.50205450016
2019-08-02,3,388943.0,664122.9460057002
2019-08-05,1,107530.0,929711.3115859001
2019-08-06,0,0.0,1037600.9049949001
2019-08-07,1,155280.0,889772.9339041001
2019-08-08,1,157668.0,889772.9339041001
2019-08-09,1,154644.0,889772.9339041001
2019-08-12,1,153144.0,889772.9339041001
2019-08-13,1,153036.0,889772.9339041001
2019-08-14,1,151464.0,889772.9339041001
2019-08-15,1,151392.0,889772.9339041001
2019-08-16,1,152640.0,889772.9339041001
2019-08-19,1,155832.0,889772.9339041001
2019-08-20,1,157716.0,889772.9339041001
2019-08-21,1,161052.00000000012,889772.9339041001
2019-08-22,1,158867.99999999988,889772.9339041001
2019-08-23,2,298702.0,741684.6247353001
2019-08-26,2,302972.0,741684.6247353001
2019-08-27,2,300620.0,741684.6247353001
2019-08-28,2,303848.0,741684.6247353001
2019-08-29,2,308833.9999999999,741684.6247353001
2019-08-30,2,306778.0,741684.6247353001
2019-09-03,2,305020.0,741684.6247353001
2019-09-04,2,307645.9999999999,741684.6247353001
2019-09-05,2,310723.9999999999,741684.6247353001
2019-09-06,2,309763.9999999999,741684.6247353001
2019-09-09,3,444930.0,602656.0806809
2019-09-10,3,436968.0,602656.0806809
2019-09-11,2,298778.0,732998.4542345
2019-09-12,1,153104.0,882048.4818076999
2019-09-13,1,152782.0,882048.4818076999
2019-09-16,1,150626.0,882048.4818076999
2019-09-17,1,151396.0,882048.4818076999
2019-09-18,1,152194.0,882048.4818076999
2019-09-19,2,298214.0,737993.4102472999
2019-09-20,4,578960.0,447644.35965570004
2019-09-23,4,577797.0,447644.35965570004
2019-09-24,4,576328.0,447644.35965570004
2019-09-25,5,692682.0,339499.9220545001
2019-09-26,5,693425.0,339499.9220545001
2019-09-27,5,688681.0,339499.9220545001
2019-09-30,5,696545.0,339499.9220545001
2019-10-01,5,688455.0,339499.9220545001
2019-10-02,5,677291.0,339499.9220545001
2019-10-03,3,439893.0,576597.3654763
2019-10-04,3,445924.0,576597.3654763
2019-10-07,3,444725.0,576597.3654763
2019-10-08,4,585109.0,431897.4565227
2019-10-09,4,590471.0,431897.4565227
2019-10-10,4,598475.0,431897.4565227
2019-10-11,4,607625.0,431897.4565227
2019-10-14,7,1022513.0,16159.574563300062
2019-10-15,7,1037365.0,16159.574563300062
2019-10-16,7,1025570.0,16159.574563300062
2019-10-17,6,901054.0,144088.08949180006
2019-10-18,6,894727.0,144088.08949180006
2019-10-21,6,900582.0,144088.08949180006
2019-10-22,6,895024.0,144088.08949180006
2019-10-23,6,883365.0,144088.08949180006
2019-10-24,4,598937.0,433544.3935417001
2019-10-25,4,605080.0,433544.3935417001
2019-10-28,4,611904.0,433544.3935417001
2019-10-29,6,859160.0,177989.5270748001
2019-10-30,8,1031228.0,10416.915368300135
2019-10-31,9,1038237.0,2071.077367800135
2019-11-01,9,1055588.0000000002,2071.077367800135
2019-11-04,9,1064803.0000000002,2071.077367800135
2019-11-05,9,1069993.99,2071.077367800135
2019-11-06,9,1059223.0000000002,2071.077367800135
2019-11-07,9,1023185.99,2071.077367800135
2019-11-08,8,919195.0,111093.19691700014
2019-11-11,8,915181.9900000001,111093.19691700014
2019-11-12,6,766578.0,261134.93388810015
2019-11-13,6,766373.01,261134.93388810015
2019-11-14,6,765825.0,261134.93388810015
2019-11-15,6,772151.0,261134.93388810015
2019-11-18,6,725349.0,310294.6927441002
2019-11-19,6,724709.0,310294.6927441002
2019-11-20,7,849414.0,183770.3868361002
2019-11-21,7,851083.0,183770.3868361002
2019-11-22,7,852041.0,183770.3868361002
2019-11-25,4,444532.0,604522.8332131032
2019-11-26,3,267034.0,780693.5661331032
2019-11-27,5,555737.0,494046.3227506033
2019-11-29,5,553964.0,494046.3227506033
2019-12-02,5,547906.0,494046.3227506033
2019-12-03,5,542116.0,494046.3227506033
2019-12-04,5,544342.0,494046.3227506033
2019-12-05,5,543762.0,494046.3227506033
2019-12-06,5,548681.0,494046.3227506033
2019-12-09,5,546001.0,494046.3227506033
2019-12-10,5,546525.0,494046.3227506033
2019-12-11,6,698037.0,345966.02398420335
2019-12-12,7,839966.0,210159.66429520334
2019-12-13,9,1037725.0,5645.079320503348
2019-12-16,8,910320.0,139450.47321410343
2019-12-17,9,1036983.0,13160.471576303476
2019-12-18,9,1036107.0,13160.471576303476
2019-12-19,9,1041819.0,13160.471576303476
2019-12-20,9,1047644.0,13160.471576303476
2019-12-23,9,1045862.0,13160.471576303476
2019-12-24,9,1047189.0,13160.471576303476
2019-12-26,9,1050956.0,13160.471576303476
2019-12-27,9,1049821.0,13160.471576303476
2019-12-30,9,1046354.0,13160.471576303476
2019-12-31,9,1048078.0,13160.471576303476
2020-01-02,9,1057170.0,13160.471576303476
2020-01-03,10,1059095.9999999998,2606.766414303478
2020-01-06,10,1057856.0,2606.766414303478
2020-01-07,9,1001610.0,59924.17403190347
2020-01-08,10,1058530.0,8120.901711103477
2020-01-09,10,1067732.0,8120.901711103477
2020-01-10,10,1067532.0,8120.901711103477
2020-01-13,9,1049595.0,34286.84957110348
2020-01-14,10,1070307.0,14228.801961503483
2020-01-15,10,1067802.0,14228.801961503483
2020-01-16,9,932564.0,156112.1561819035
2020-01-17,9,909058.0,175092.02019410353
2020-01-21,8,790571.9999999999,289321.4489218035
2020-01-22,9,940489.0,143712.35929580356
2020-01-23,9,942878.0,143712.35929580356
2020-01-24,9,925191.0,148365.94670570357
2020-01-27,9,931840.0,124039.34890630355
2020-01-28,5,722666.0000000001,343186.1531359035
2020-01-29,5,719487.0000000001,343186.1531359035
2020-01-30,5,703234.0,362035.8268983036
2020-01-31,6,826768.0,224088.6871679036
2020-02-03,5,680209.9999999999,381073.15830620367
2020-02-04,7,983553.99,89538.5781724067
2020-02-05,8,1065308.0,6330.523242406707
2020-02-06,8,1073488.0,6330.523242406707
2020-02-07,8,1072586.0,6330.523242406707
2020-02-10,8,1088976.01,6330.523242406707
2020-02-11,8,1088479.01,6330.523242406707
2020-02-12,8,1090554.0,6330.523242406707
2020-02-13,9,1096498.0,421.85017210670776
2020-02-14,9,1101911.0,421.85017210670776
2020-02-18,9,1109731.99,421.85017210670776
2020-02-19,9,1092502.9900000002,23730.869677306735
2020-02-20,9,1086246.0,23730.869677306735
2020-02-21,10,1088748.0,5717.477280306735
2020-02-24,9,918406.0,139759.03674510677
2020-02-25,4,515890.0,530690.2821771067
2020-02-26,0,0.0,1052369.3734845067
2020-02-27,0,0.0,1052369.3734845067
2020-02-28,0,0.0,1052369.3734845067
2020-03-02,0,0.0,1052369.3734845067
2020-03-03,0,0.0,1052369.3734845067
2020-03-04,0,0.0,1052369.3734845067
2020-03-05,0,0.0,1052369.3734845067
2020-03-06,0,0.0,1052369.3734845067
2020-03-09,0,0.0,1052369.3734845067
2020-03-10,0,0.0,1052369.3734845067
2020-03-11,0,0.0,1052369.3734845067
2020-03-12,0,0.0,1052369.3734845067
2020-03-13,0,0.0,1052369.3734845067
2020-03-16,0,0.0,1052369.3734845067
2020-03-17,0,0.0,1052369.3734845067
2020-03-18,0,0.0,1052369.3734845067
2020-03-19,0,0.0,1052369.3734845067
2020-03-20,0,0.0,1052369.3734845067
2020-03-23,0,0.0,1052369.3734845067
2020-03-24,0,0.0,1052369.3734845067
2020-03-25,0,0.0,1052369.3734845067
2020-03-26,0,0.0,1052369.3734845067
2020-03-27,0,0.0,1052369.3734845067
2020-03-30,0,0.0,1052369.3734845067
2020-03-31,0,0.0,1052369.3734845067
2020-04-01,0,0.0,1052369.3734845067
2020-04-02,0,0.0,1052369.3734845067
2020-04-03,0,0.0,1052369.3734845067
2020-04-06,0,0.0,1052369.3734845067
2020-04-07,0,0.0,1052369.3734845067
2020-04-08,0,0.0,1052369.3734845067
2020-04-09,0,0.0,1052369.3734845067
2020-04-13,0,0.0,1052369.3734845067
2020-04-14,0,0.0,1052369.3734845067
2020-04-15,0,0.0,1052369.3734845067
2020-04-16,0,0.0,1052369.3734845067
2020-04-17,0,0.0,1052369.3734845067
2020-04-20,0,0.0,1052369.3734845067
2020-04-21,0,0.0,1052369.3734845067
2020-04-22,0,0.0,1052369.3734845067
2020-04-23,0,0.0,1052369.3734845067
2020-04-24,0,0.0,1052369.3734845067
2020-04-27,0,0.0,1052369.3734845067
2020-04-28,0,0.0,1052369.3734845067
2020-04-29,0,0.0,1052369.3734845067
2020-04-30,0,0.0,1052369.3734845067
2020-05-01,0,0.0,1052369.3734845067
2020-05-04,0,0.0,1052369.3734845067
2020-05-05,0,0.0,1052369.3734845067
2020-05-06,0,0.0,1052369.3734845067
2020-05-07,0,0.0,1052369.3734845067
2020-05-08,0,0.0,1052369.3734845067
2020-05-11,0,0.0,1052369.3734845067
2020-05-12,0,0.0,1052369.3734845067
2020-05-13,0,0.0,1052369.3734845067
2020-05-14,0,0.0,1052369.3734845067
2020-05-15,0,0.0,1052369.3734845067
2020-05-18,0,0.0,1052369.3734845067
2020-05-19,1,143568.0,904241.0123037067
2020-05-20,1,145152.0,904241.0123037067
2020-05-21,1,142608.0,904241.0123037067
2020-05-22,1,143760.0,904241.0123037067
2020-05-26,1,145056.0,904241.0123037067
2020-05-27,1,148944.0,904241.0123037067
2020-05-28,2,297378.0,755547.9177537067
2020-05-29,2,301668.0,755547.9177537067
2020-06-01,5,648546.0,406502.64357610676
2020-06-02,5,657496.0,406502.64357610676
2020-06-03,5,657620.0,406502.64357610676
2020-06-04,5,646944.0,406502.64357610676
2020-06-05,5,654791.0,406502.64357610676
2020-06-08,5,667033.0,406502.64357610676
2020-06-09,5,657939.0,406502.64357610676
2020-06-10,5,667680.0,406502.64357610676
2020-06-11,5,635344.0,406502.64357610676
2020-06-12,1,121962.0,933277.1038141067
2020-06-15,1,120402.0,933277.1038141067
2020-06-16,1,123501.0,933277.1038141067
2020-06-17,1,124047.0,933277.1038141067
2020-06-18,1,126138.0,933277.1038141067
2020-06-19,1,128403.0,933277.1038141067
2020-06-22,3,425206.0,640995.5436435067
2020-06-23,3,427103.0,640995.5436435067
2020-06-24,3,419590.0,640995.5436435067
2020-06-25,3,426597.0,640995.5436435067
2020-06-26,3,413570.0,640995.5436435067
2020-06-29,4,557689.0000000001,496730.1990201067
2020-06-30,4,563792.0000000001,496730.1990201067
2020-07-01,4,572993.0000000001,496730.1990201067
2020-07-02,4,572145.0000000001,496730.1990201067
2020-07-06,4,578214.0000000001,496730.1990201067
2020-07-07,4,575854.0000000001,496730.1990201067
2020-07-08,4,581729.0000000001,496730.1990201067
2020-07-09,3,446568.0,634682.6688597067
2020-07-10,3,449167.0,634682.6688597067
2020-07-13,3,431989.0,634682.6688597067
2020-07-14,3,449000.9999999999,621605.2593470068
2020-07-15,3,446219.9999999999,621605.2593470068
2020-07-16,3,445408.9999999999,621605.2593470068
2020-07-17,3,447756.9999999999,621605.2593470068
2020-07-20,6,861450.0000000001,214337.37662530682
2020-07-21,6,866499.0000000001,214337.37662530682
2020-07-22,6,871066.0000000001,214337.37662530682
2020-07-23,6,866701.0000000001,214337.37662530682
2020-07-24,7,1009157.0,65432.006411706854
2020-07-27,7,1024120.0,65432.006411706854
2020-07-28,8,1057786.0,19733.662020006857
2020-07-29,8,1066031.9999999998,19733.662020006857
2020-07-30,8,1069549.9999999998,19733.662020006857
2020-07-31,8,1075204.0,19733.662020006857
2020-08-03,8,1079244.0,19733.662020006857
2020-08-04,8,1086935.0,19733.662020006857
2020-08-05,8,1099473.0,19733.662020006857
2020-08-06,8,1094335.0,19733.662020006857
2020-08-07,7,949004.9999999999,160751.14308030685
2020-08-10,6,838691.0,267714.94131120684
2020-08-11,6,826232.0,267714.94131120684
2020-08-12,4,620787.0,482752.2425185069
2020-08-13,5,766916.0,333672.6460527069
2020-08-14,5,765217.0,333672.6460527069
2020-08-17,5,771978.9999999999,328139.8075077069
2020-08-18,5,767834.0000000001,328139.8075077069
2020-08-19,5,762239.9999999999,328139.8075077069
2020-08-20,6,905627.0,178803.87816510693
2020-08-21,6,905523.0,178803.87816510693
2020-08-24,5,773245.0,318014.71038270695
2020-08-25,5,777221.0,318014.71038270695
2020-08-26,5,758478.0,344349.23390320694
2020-08-27,5,760352.0,344349.23390320694
2020-08-28,6,933976.9999999999,201495.72270280696
2020-08-31,7,1065841.0,66660.62430480699
2020-09-01,8,1113384.0,31615.11380480699
2020-09-02,8,1126404.0,31615.11380480699
2020-09-03,9,1098339.0,14115.882191307006
2020-09-04,6,768613.0,338000.381683107
2020-09-08,4,458031.0,622767.393840007
2020-09-09,2,294030.0,797699.738388007
2020-09-10,3,421574.0,667907.188300807
2020-09-11,3,420431.0,667907.188300807
2020-09-14,3,429076.0,667907.188300807
2020-09-15,3,436345.0,667907.188300807
2020-09-16,3,432649.0,667907.188300807
2020-09-17,3,431182.0,667907.188300807
2020-09-18,3,425721.0,667907.188300807
2020-09-21,3,416470.0,667907.188300807
2020-09-22,2,277094.9999999999,810317.856279607
2020-09-23,2,268677.9999999999,810317.856279607
2020-09-24,0,0.0,1076963.845477507
2020-09-25,0,0.0,1076963.845477507
2020-09-28,0,0.0,1076963.845477507
2020-09-29,0,0.0,1076963.845477507
2020-09-30,0,0.0,1076963.845477507
2020-10-01,0,0.0,1076963.845477507
2020-10-02,0,0.0,1076963.845477507
2020-10-05,0,0.0,1076963.845477507
2020-10-06,0,0.0,1076963.845477507
2020-10-07,0,0.0,1076963.845477507
2020-10-08,0,0.0,1076963.845477507
2020-10-09,0,0.0,1076963.845477507
2020-10-12,0,0.0,1076963.845477507
2020-10-13,0,0.0,1076963.845477507
2020-10-14,0,0.0,1076963.845477507
2020-10-15,0,0.0,1076963.845477507
2020-10-16,0,0.0,1076963.845477507
2020-10-19,0,0.0,1076963.845477507
2020-10-20,1,144544.0,930565.731215107
2020-10-21,1,145456.0,930565.731215107
2020-10-22,1,146704.0,930565.731215107
2020-10-23,2,294546.0,783314.509097107
2020-10-26,2,286878.0,783314.509097107
2020-10-27,2,282082.0,783314.509097107
2020-10-28,2,272498.0,783314.509097107
2020-10-29,1,142371.0,915223.4451300071
2020-10-30,1,142164.0,915223.4451300071
2020-11-02,1,145314.0,915223.4451300071
2020-11-03,1,149832.0,915223.4451300071
2020-11-04,1,148122.0,915223.4451300071
2020-11-05,4,578860.0,481983.83522690716
2020-11-06,4,584675.0,481983.83522690716
2020-11-09,4,588937.0,481983.83522690716
2020-11-10,4,573414.0,481983.83522690716
2020-11-11,3,447134.0,615274.3720661071
2020-11-12,3,441029.0,615274.3720661071
2020-11-13,3,448406.0,615274.3720661071
2020-11-16,3,456008.0,615274.3720661071
2020-11-17,3,452689.0,615274.3720661071
2020-11-18,3,447877.0,615274.3720661071
2020-11-19,3,446329.0,615274.3720661071
2020-11-20,2,297202.0,760780.0122746071
2020-11-23,2,293538.0,760780.0122746071
2020-11-24,2,293879.0,760780.0122746071
2020-11-25,1,156672.0,897550.0209590071
2020-11-27,1,157725.0,897550.0209590071
2020-11-30,1,156492.0,897550.0209590071
2020-12-01,3,419031.0,633326.8977950071
2020-12-02,4,555593.0,485757.26218160713
2020-12-03,4,554113.0,485757.26218160713
2020-12-04,3,447936.0,598173.9640505072
2020-12-07,3,448809.0,598173.9640505072
2020-12-08,3,451475.0,598173.9640505072
2020-12-09,3,447285.0,598173.9640505072
2020-12-10,3,439060.0,598173.9640505072
2020-12-11,3,439129.0,593750.7824331073
2020-12-14,3,439158.0,593750.7824331073
2020-12-15,3,446265.0,593750.7824331073
2020-12-16,2,285888.0,751864.0152288072
2020-12-17,3,429113.0,609419.0345508072
2020-12-18,4,577330.0,461446.8762168072
2020-12-21,8,1032377.0,12019.244363607315
2020-12-22,8,1036383.0,12019.244363607315
2020-12-23,8,1033034.0,12019.244363607315
2020-12-24,8,1037349.0,12019.244363607315
2020-12-28,8,1044365.0,12019.244363607315
2020-12-29,8,1040870.0,12019.244363607315
2020-12-30,7,903800.0,151832.2928621073
2020-12-31,7,908990.0,151832.2928621073
2021-01-04,8,1019405.0,13989.288362907304
2021-01-05,7,995129.0,58671.193300707295
2021-01-06,7,1000031.0,58671.193300707295
2021-01-07,8,1070647.0,3321.315317307308
2021-01-08,8,1082445.0,3321.315317307308
2021-01-11,8,1074779.0,3321.315317307308
2021-01-12,8,1072713.0,3321.315317307308
2021-01-13,8,1069265.0,3321.315317307308
2021-01-14,8,1085681.0,3321.315317307308
2021-01-15,8,1076966.0,3321.315317307308
2021-01-19,8,1090087.0,3321.315317307308
2021-01-20,7,934718.9999999999,157241.8639628073
2021-01-21,8,1072651.0,18962.292532807332
2021-01-22,8,1058051.0,18962.292532807332
2021-01-25,7,948252.9999999999,125501.64313620732
2021-01-26,7,929196.9999999999,125501.64313620732
2021-01-27,6,750956.0,262552.52311650733
2021-01-28,3,431456.0,593164.3139660554
2021-01-29,3,425032.0,593164.3139660554
2021-02-01,3,434940.0,593164.3139660554
2021-02-02,3,439332.0,593164.3139660554
2021-02-03,3,433084.0,593164.3139660554
2021-02-04,3,431621.0,600699.1173330555
2021-02-05,4,573828.0,458836.8934296555
2021-02-08,5,729399.0,314799.84527465556
2021-02-09,6,869073.0,172732.35480975555
2021-02-10,6,864821.0,172732.35480975555
2021-02-11,5,728706.0,313731.8592646555
2021-02-12,5,736233.0,313731.8592646555
2021-02-16,5,731928.0,313731.8592646555
2021-02-17,3,444727.0,596664.6529549555
2021-02-18,3,442600.0,596664.6529549555
2021-02-19,3,442779.0,596664.6529549555
2021-02-22,3,430946.0,596664.6529549555
2021-02-23,1,151893.0,864359.2774678555
2021-02-24,1,152865.0,864359.2774678555
2021-02-25,1,151200.0,864359.2774678555
2021-02-26,1,151965.0,864359.2774678555
2021-03-01,2,294865.0,722995.7011138555
2021-03-02,2,295375.0,722995.7011138555
2021-03-03,2,290978.0,722995.7011138555
2021-03-04,2,283894.0,722995.7011138555
2021-03-05,1,136760.0,871931.8768528554
2021-03-08,1,136539.0,871931.8768528554
2021-03-09,1,138515.0,871931.8768528554
2021-03-10,2,273841.0,733878.5992906555
2021-03-11,2,272473.0,733878.5992906555
2021-03-12,2,275035.0,733878.5992906555
2021-03-15,2,279367.0,733878.5992906555
2021-03-16,2,280471.0,733878.5992906555
2021-03-17,2,279646.0,733878.5992906555
2021-03-18,2,275393.0,733878.5992906555
2021-03-19,2,271683.0,733878.5992906555
2021-03-22,4,571971.0,437226.36331055546
2021-03-23,5,713016.0,287479.90084495547
2021-03-24,4,585019.0,415748.9725757555
2021-03-25,3,453934.0,552084.5466296555
2021-03-26,4,615787.0,405154.90211600356
2021-03-29,4,615449.0,405154.90211600356
2021-03-30,4,610668.0,405154.90211600356
2021-03-31,4,607634.0,405154.90211600356
2021-04-01,4,610504.0,405154.90211600356
2021-04-05,4,616434.0,405154.90211600356
2021-04-06,4,614834.5,405154.90211600356
2021-04-07,4,614233.0,405154.90211600356
2021-04-08,4,612737.0,405154.90211600356
2021-04-09,4,618086.0,405154.90211600356
2021-04-12,4,619356.0,405154.90211600356
2021-04-13,4,616583.0,405154.90211600356
2021-04-14,4,617240.0,405154.90211600356
2021-04-15,4,622197.0,405154.90211600356
2021-04-16,4,628544.0,405154.90211600356
2021-04-19,6,925123.0,109210.58544800358
2021-04-20,6,924095.0,109210.58544800358
2021-04-21,6,931400.0,109210.58544800358
2021-04-22,7,989994.0,42707.2234229036
2021-04-23,7,998869.0,42707.2234229036
2021-04-26,7,989023.0,42707.2234229036
2021-04-27,7,987895.0,42707.2234229036
2021-04-28,7,982068.0,42707.2234229036
2021-04-29,6,833573.0,199181.20394030365
2021-04-30,6,813743.0,217142.80684890368
2021-05-03,7,956684.0,81146.20010290368
2021-05-04,7,951852.0,81146.20010290368
2021-05-05,7,1012268.0,20516.762787703687
2021-05-06,7,1029947.0,15427.563473803631
2021-05-07,7,1038457.0,15427.563473803631
2021-05-10,7,1034282.0,15427.563473803631
2021-05-11,7,1026626.0,15427.563473803631
2021-05-12,7,1011491.0,15427.563473803631
2021-05-13,4,594780.0,440266.6814914036
2021-05-14,4,604688.0,440266.6814914036
2021-05-17,4,597778.0,440266.6814914036
2021-05-18,4,589966.0,440266.6814914036
2021-05-19,3,441065.0,587112.5775025035
2021-05-20,2,308985.0,722650.1900167034
2021-05-21,2,308428.0,722650.1900167034
2021-05-24,2,310041.0,722650.1900167034
2021-05-25,2,307929.0,722650.1900167034
2021-05-26,2,307269.0,722650.1900167034
2021-05-27,2,308984.0,722650.1900167034
2021-05-28,4,561390.0,468741.4612430035
2021-06-01,4,561563.0,468741.4612430035
2021-06-02,4,564620.0,468741.4612430035
2021-06-03,4,566398.0,468741.4612430035
2021-06-04,4,569794.0,468741.4612430035
2021-06-07,5,762145.0,320874.4394405035
2021-06-08,5,763140.0,320874.4394405035
2021-06-09,4,562147.0,518117.7486905035
2021-06-10,4,565672.0,518117.7486905035
2021-06-11,5,712716.0,371178.9322661035
2021-06-14,5,710553.0,371178.9322661035
2021-06-15,5,711564.0,371178.9322661035
2021-06-16,5,704172.0,371178.9322661035
2021-06-17,5,703029.0,371178.9322661035
2021-06-18,4,541258.0,520419.7115966035
2021-06-21,2,261163.99999999988,805526.6758400035
2021-06-22,2,262735.9999999999,805526.6758400035
2021-06-23,3,412733.0,656212.7751040035
2021-06-24,3,414733.0,656212.7751040035
2021-06-25,4,540506.9999999999,531450.7577240035
2021-06-28,6,765630.0,306290.3618636036
2021-06-29,6,767951.0,306290.3618636036
2021-06-30,6,768871.0,306290.3618636036
2021-07-01,6,776377.0,306290.3618636036
2021-07-02,6,783242.0,306290.3618636036
2021-07-06,6,778188.0,306290.3618636036
2021-07-07,7,924366.0000000001,169913.2610036036
2021-07-08,7,922123.0000000001,169913.2610036036
2021-07-09,7,932221.0000000001,169913.2610036036
2021-07-12,7,933992.0000000001,169913.2610036036
2021-07-13,8,1077730.0,21516.551342403603
2021-07-14,9,1093269.0,6207.671055703606
2021-07-15,9,1081435.0,11705.316819703614
2021-07-16,9,1077873.0,11705.316819703614
2021-07-19,9,1070443.0,11705.316819703614
2021-07-20,7,808014.0,284418.4103401036
2021-07-21,8,935011.9999999999,160537.61402160363
2021-07-22,9,1090790.0000000002,13746.990041603654
2021-07-23,9,1107489.0,13746.990041603654
2021-07-26,8,974239.0,137511.92341940367
2021-07-27,8,968975.0,137511.92341940367
2021-07-28,9,1101874.0,12988.215510803697
2021-07-29,9,1119228.0,12988.215510803697
2021-07-30,9,1110202.0,12988.215510803697
2021-08-02,9,1112669.0,12988.215510803697
2021-08-03,9,1128722.0,12988.215510803697
2021-08-04,10,1144039.0,1487.2802650036974
2021-08-05,9,1136825.9999999998,16965.137514403697
2021-08-06,8,1112461.9999999998,29930.264809003696
2021-08-09,9,1135844.0,10432.9453674037
2021-08-10,9,1130517.0,10432.9453674037
2021-08-11,8,996832.0000000001,144786.09932580372
2021-08-12,8,996760.9999999999,144786.09932580372
2021-08-13,8,1004577.9999999999,144786.09932580372
2021-08-16,9,1122728.0,27637.969427003714
2021-08-17,10,1134684.0,3426.528173003717
2021-08-18,9,1005712.0,121053.44950700371
2021-08-19,7,758751.0,386014.6312988037
2021-08-20,9,1024657.9999999999,127303.04548011775
2021-08-23,10,1128153.0,36209.750687617765
2021-08-24,10,1133757.0,36209.750687617765
2021-08-25,10,1138566.0,36209.750687617765
2021-08-26,10,1139657.0,36209.750687617765
2021-08-27,10,1152647.0,36209.750687617765
2021-08-30,7,694696.0,501757.8903338178
2021-08-31,7,657084.0000000001,536695.4129070177
2021-09-01,7,654959.0000000001,536695.4129070177
2021-09-02,7,657419.0000000001,536695.4129070177
2021-09-03,7,657938.0000000001,536695.4129070177
2021-09-07,7,649573.0000000001,536695.4129070177
2021-09-08,6,499573.0,686328.6814554178
2021-09-09,7,639067.9999999999,546146.6394554178
2021-09-10,8,761296.0,418781.24129541777
2021-09-13,7,607497.0,569800.7058602178
2021-09-14,8,731249.9999999999,446911.1200412178
2021-09-15,8,864600.0,322760.56085921783
2021-09-16,8,873447.0,322760.56085921783
2021-09-17,8,865338.0,322760.56085921783
2021-09-20,8,879204.0,292262.78211271786
2021-09-21,7,796903.0,380854.48962481786
2021-09-22,5,687196.0000000001,504193.97667481785
2021-09-23,5,691667.0000000001,504193.97667481785
2021-09-24,5,695377.0000000001,504193.97667481785
2021-09-27,6,827370.0,364347.37027531787
2021-09-28,6,799293.0,364347.37027531787
2021-09-29,2,279328.0,886696.5894840178
2021-09-30,1,155096.0,1009620.6172092177
2021-10-01,2,277674.0000000001,888615.4785548177
2021-10-04,2,276976.0000000001,888615.4785548177
2021-10-05,2,283079.9999999999,888615.4785548177
2021-10-06,2,284370.0000000001,888615.4785548177
2021-10-07,2,285092.0000000001,888615.4785548177
2021-10-08,2,283630.0000000001,888615.4785548177
2021-10-11,2,283796.0000000001,888615.4785548177
2021-10-12,2,286132.0000000001,888615.4785548177
2021-10-13,2,288168.0000000001,888615.4785548177
2021-10-14,2,290424.0000000001,888615.4785548177
2021-10-15,2,294264.0000000001,888615.4785548177
2021-10-18,3,451507.0,739385.6870440177
2021-10-19,2,279401.0,914663.5818958178
2021-10-20,2,275432.0,914663.5818958178
2021-10-21,2,280884.0,914663.5818958178
2021-10-22,2,283056.0,914663.5818958178
2021-10-25,2,284356.0,914663.5818958178
2021-10-26,2,283329.0,914663.5818958178
2021-10-27,2,280233.0,914663.5818958178
2021-10-28,3,415482.0,781062.0854674177
2021-10-29,3,421127.0,781062.0854674177
2021-11-01,3,417718.0,781062.0854674177
2021-11-02,4,568808.9999999999,638201.5651649177
2021-11-03,5,685254.0,523212.2387129177
2021-11-04,7,967739.9999999999,244432.21178751776
2021-11-05,9,1203238.0,21722.999061517796
2021-11-08,9,1216128.0,13432.52127891776
2021-11-09,9,1206602.0,13432.52127891776
2021-11-10,9,1180692.0,13432.52127891776
2021-11-11,8,1037043.0000000001,153104.75303511776
2021-11-12,6,800098.0,411524.4478619178
2021-11-15,6,800203.0,411524.4478619178
2021-11-16,6,807139.0,411524.4478619178
2021-11-17,8,1061465.0,146338.07380931784
2021-11-18,9,1200172.0,14761.206587517838
2021-11-19,10,1201805.0,3896.0970322178364
2021-11-22,9,1058461.0,117951.66609341784
2021-11-23,8,903263.9999999999,262675.3239670178
2021-11-24,7,785471.0,380519.9619664178
2021-11-26,7,772019.0,380519.9619664178
2021-11-29,4,424480.0,741621.0281377176
2021-11-30,4,414487.0,741621.0281377176
2021-12-01,3,388417.0,752188.2760120176
2021-12-02,0,0.0,1140283.2125920178
2021-12-03,0,0.0,1140283.2125920178
2021-12-06,1,142415.99999999988,992776.6588975178
2021-12-07,2,295918.0,848471.2622621178
2021-12-08,4,552789.0,584196.0714825178
2021-12-09,4,548637.0,584196.0714825178
2021-12-10,4,566380.0,584196.0714825178
2021-12-13,5,670685.0000000001,473964.9240561178
2021-12-14,5,662705.0000000001,473964.9240561178
2021-12-15,5,679035.0000000001,473964.9240561178
2021-12-16,5,661032.0000000001,473964.9240561178
2021-12-17,6,802248.0,330519.6443784178
2021-12-20,6,805803.0,320385.9450468178
2021-12-21,5,675871.0,462042.5942991178
2021-12-22,6,829334.0,319043.8945552178
2021-12-23,6,835899.0,319043.8945552178
2021-12-27,6,852741.0,319043.8945552178
2021-12-28,6,850080.0,319043.8945552178
2021-12-29,6,857316.0,319043.8945552178
2021-12-30,6,849314.0,319043.8945552178
2021-12-31,6,849032.0,319043.8945552178
2022-01-03,6,852787.0,319043.8945552178
2022-01-04,6,857724.0,319043.8945552178
2022-01-05,6,835903.0,319043.8945552178
2022-01-06,5,685211.9999999999,463714.6213129178
2022-01-07,4,546858.0,590719.3384639178
2022-01-10,1,144179.99999999988,987065.5369225178
2022-01-11,1,144739.99999999988,987065.5369225178
2022-01-12,1,144499.99999999988,987065.5369225178
2022-01-13,1,143759.99999999988,987065.5369225178
2022-01-14,1,143539.99999999988,987065.5369225178
2022-01-18,2,276662.0000000001,843547.1623229178
2022-01-19,1,128546.0,983924.4764909178
2022-01-20,0,0.0,1114692.296372318
2022-01-21,0,0.0,1114692.296372318
2022-01-24,0,0.0,1114692.296372318
2022-01-25,0,0.0,1114692.296372318
2022-01-26,0,0.0,1114692.296372318
2022-01-27,0,0.0,1114692.296372318
2022-01-28,0,0.0,1114692.296372318
2022-01-31,0,0.0,1114692.296372318
2022-02-01,0,0.0,1114692.296372318
2022-02-02,0,0.0,1114692.296372318
2022-02-03,0,0.0,1114692.296372318
2022-02-04,0,0.0,1114692.296372318
2022-02-07,0,0.0,1114692.296372318
2022-02-08,0,0.0,1114692.296372318
2022-02-09,0,0.0,1114692.296372318
2022-02-10,0,0.0,1114692.296372318
2022-02-11,0,0.0,1114692.296372318
2022-02-14,0,0.0,1114692.296372318
2022-02-15,0,0.0,1114692.296372318
2022-02-16,0,0.0,1114692.296372318
2022-02-17,0,0.0,1114692.296372318
2022-02-18,0,0.0,1114692.296372318
2022-02-22,0,0.0,1114692.296372318
2022-02-23,0,0.0,1114692.296372318
2022-02-24,0,0.0,1114692.296372318
2022-02-25,0,0.0,1114692.296372318
2022-02-28,0,0.0,1114692.296372318
2022-03-01,0,0.0,1114692.296372318
2022-03-02,0,0.0,1114692.296372318
2022-03-03,0,0.0,1114692.296372318
2022-03-04,0,0.0,1114692.296372318
2022-03-07,0,0.0,1114692.296372318
2022-03-08,0,0.0,1114692.296372318
2022-03-09,0,0.0,1114692.296372318
2022-03-10,0,0.0,1114692.296372318
2022-03-11,0,0.0,1114692.296372318
2022-03-14,0,0.0,1114692.296372318
2022-03-15,0,0.0,1114692.296372318
2022-03-16,0,0.0,1114692.296372318
2022-03-17,0,0.0,1114692.296372318
2022-03-18,0,0.0,1114692.296372318
2022-03-21,0,0.0,1114692.296372318
2022-03-22,0,0.0,1114692.296372318
2022-03-23,0,0.0,1114692.296372318
2022-03-24,0,0.0,1114692.296372318
2022-03-25,0,0.0,1114692.296372318
2022-03-28,0,0.0,1114692.296372318
2022-03-29,0,0.0,1114692.296372318
2022-03-30,0,0.0,1114692.296372318
2022-03-31,0,0.0,1114692.296372318
2022-04-01,0,0.0,1114692.296372318
2022-04-04,0,0.0,1114692.296372318
2022-04-05,0,0.0,1114692.296372318
2022-04-06,0,0.0,1114692.296372318
2022-04-07,0,0.0,1114692.296372318
2022-04-08,0,0.0,1114692.296372318
2022-04-11,0,0.0,1114692.296372318
2022-04-12,0,0.0,1114692.296372318
2022-04-13,0,0.0,1114692.296372318
2022-04-14,0,0.0,1114692.296372318
2022-04-18,0,0.0,1114692.296372318
2022-04-19,0,0.0,1114692.296372318
2022-04-20,0,0.0,1114692.296372318
2022-04-21,0,0.0,1114692.296372318
2022-04-22,0,0.0,1114692.296372318
2022-04-25,0,0.0,1114692.296372318
2022-04-26,0,0.0,1114692.296372318
2022-04-27,0,0.0,1114692.296372318
2022-04-28,0,0.0,1114692.296372318
2022-04-29,0,0.0,1114692.296372318
2022-05-02,0,0.0,1114692.296372318
2022-05-03,0,0.0,1114692.296372318
2022-05-04,0,0.0,1114692.296372318
2022-05-05,0,0.0,1114692.296372318
2022-05-06,0,0.0,1114692.296372318
2022-05-09,0,0.0,1114692.296372318
2022-05-10,0,0.0,1114692.296372318
2022-05-11,0,0.0,1114692.296372318
2022-05-12,0,0.0,1114692.296372318
2022-05-13,0,0.0,1114692.296372318
2022-05-16,0,0.0,1114692.296372318
2022-05-17,0,0.0,1114692.296372318
2022-05-18,0,0.0,1114692.296372318
2022-05-19,0,0.0,1114692.296372318
2022-05-20,0,0.0,1114692.296372318
2022-05-23,0,0.0,1114692.296372318
2022-05-24,0,0.0,1114692.296372318
2022-05-25,0,0.0,1114692.296372318
2022-05-26,0,0.0,1114692.296372318
2022-05-27,0,0.0,1114692.296372318
2022-05-31,0,0.0,1114692.296372318
2022-06-01,0,0.0,1114692.296372318
2022-06-02,0,0.0,1114692.296372318
2022-06-03,0,0.0,1114692.296372318
2022-06-06,0,0.0,1114692.296372318
2022-06-07,0,0.0,1114692.296372318
2022-06-08,0,0.0,1114692.296372318
2022-06-09,0,0.0,1114692.296372318
2022-06-10,0,0.0,1114692.296372318
2022-06-13,0,0.0,1114692.296372318
2022-06-14,0,0.0,1114692.296372318
2022-06-15,0,0.0,1114692.296372318
2022-06-16,0,0.0,1114692.296372318
2022-06-17,0,0.0,1114692.296372318
2022-06-21,0,0.0,1114692.296372318
2022-06-22,0,0.0,1114692.296372318
2022-06-23,0,0.0,1114692.296372318
2022-06-24,0,0.0,1114692.296372318
2022-06-27,0,0.0,1114692.296372318
2022-06-28,0,0.0,1114692.296372318
2022-06-29,0,0.0,1114692.296372318
2022-06-30,0,0.0,1114692.296372318
2022-07-01,0,0.0,1114692.296372318
2022-07-05,0,0.0,1114692.296372318
2022-07-06,0,0.0,1114692.296372318
2022-07-07,0,0.0,1114692.296372318
2022-07-08,0,0.0,1114692.296372318
2022-07-11,0,0.0,1114692.296372318
2022-07-12,0,0.0,1114692.296372318
2022-07-13,0,0.0,1114692.296372318
2022-07-14,0,0.0,1114692.296372318
2022-07-15,0,0.0,1114692.296372318
2022-07-18,0,0.0,1114692.296372318
2022-07-19,0,0.0,1114692.296372318
2022-07-20,0,0.0,1114692.296372318
2022-07-21,0,0.0,1114692.296372318
2022-07-22,0,0.0,1114692.296372318
2022-07-25,0,0.0,1114692.296372318
2022-07-26,0,0.0,1114692.296372318
2022-07-27,0,0.0,1114692.296372318
2022-07-28,0,0.0,1114692.296372318
2022-07-29,0,0.0,1114692.296372318
2022-08-01,0,0.0,1114692.296372318
2022-08-02,0,0.0,1114692.296372318
2022-08-03,0,0.0,1114692.296372318
2022-08-04,0,0.0,1114692.296372318
2022-08-05,0,0.0,1114692.296372318
2022-08-08,0,0.0,1114692.296372318
2022-08-09,0,0.0,1114692.296372318
2022-08-10,0,0.0,1114692.296372318
2022-08-11,0,0.0,1114692.296372318
2022-08-12,0,0.0,1114692.296372318
2022-08-15,0,0.0,1114692.296372318
2022-08-16,0,0.0,1114692.296372318
2022-08-17,0,0.0,1114692.296372318
2022-08-18,0,0.0,1114692.296372318
2022-08-19,0,0.0,1114692.296372318
2022-08-22,0,0.0,1114692.296372318
2022-08-23,0,0.0,1114692.296372318
2022-08-24,0,0.0,1114692.296372318
2022-08-25,0,0.0,1114692.296372318
2022-08-26,0,0.0,1114692.296372318
2022-08-29,0,0.0,1114692.296372318
2022-08-30,0,0.0,1114692.296372318
2022-08-31,0,0.0,1114692.296372318
2022-09-01,0,0.0,1114692.296372318
2022-09-02,0,0.0,1114692.296372318
2022-09-06,0,0.0,1114692.296372318
2022-09-07,0,0.0,1114692.296372318
2022-09-08,0,0.0,1114692.296372318
2022-09-09,0,0.0,1114692.296372318
2022-09-12,0,0.0,1114692.296372318
2022-09-13,0,0.0,1114692.296372318
2022-09-14,0,0.0,1114692.296372318
2022-09-15,0,0.0,1114692.296372318
2022-09-16,0,0.0,1114692.296372318
2022-09-19,0,0.0,1114692.296372318
2022-09-20,0,0.0,1114692.296372318
2022-09-21,0,0.0,1114692.296372318
2022-09-22,0,0.0,1114692.296372318
2022-09-23,0,0.0,1114692.296372318
2022-09-26,0,0.0,1114692.296372318
2022-09-27,0,0.0,1114692.296372318
2022-09-28,0,0.0,1114692.296372318
2022-09-29,0,0.0,1114692.296372318
2022-09-30,0,0.0,1114692.296372318
2022-10-03,0,0.0,1114692.296372318
2022-10-04,0,0.0,1114692.296372318
2022-10-05,0,0.0,1114692.296372318
2022-10-06,0,0.0,1114692.296372318
2022-10-07,0,0.0,1114692.296372318
2022-10-10,0,0.0,1114692.296372318
2022-10-11,0,0.0,1114692.296372318
2022-10-12,0,0.0,1114692.296372318
2022-10-13,0,0.0,1114692.296372318
2022-10-14,0,0.0,1114692.296372318
2022-10-17,0,0.0,1114692.296372318
2022-10-18,0,0.0,1114692.296372318
2022-10-19,0,0.0,1114692.296372318
2022-10-20,0,0.0,1114692.296372318
2022-10-21,0,0.0,1114692.296372318
2022-10-24,0,0.0,1114692.296372318
2022-10-25,0,0.0,1114692.296372318
2022-10-26,0,0.0,1114692.296372318
2022-10-27,0,0.0,1114692.296372318
2022-10-28,0,0.0,1114692.296372318
2022-10-31,0,0.0,1114692.296372318
2022-11-01,0,0.0,1114692.296372318
2022-11-02,0,0.0,1114692.296372318
2022-11-03,0,0.0,1114692.296372318
2022-11-04,0,0.0,1114692.296372318
2022-11-07,0,0.0,1114692.296372318
2022-11-08,0,0.0,1114692.296372318
2022-11-09,0,0.0,1114692.296372318
2022-11-10,0,0.0,1114692.296372318
2022-11-11,0,0.0,1114692.296372318
2022-11-14,0,0.0,1114692.296372318
2022-11-15,0,0.0,1114692.296372318
2022-11-16,0,0.0,1114692.296372318
2022-11-17,0,0.0,1114692.296372318
2022-11-18,0,0.0,1114692.296372318
2022-11-21,0,0.0,1114692.296372318
2022-11-22,0,0.0,1114692.296372318
2022-11-23,0,0.0,1114692.296372318
2022-11-25,0,0.0,1114692.296372318
2022-11-28,0,0.0,1114692.296372318
2022-11-29,0,0.0,1114692.296372318
2022-11-30,0,0.0,1114692.296372318
2022-12-01,0,0.0,1114692.296372318
2022-12-02,0,0.0,1114692.296372318
2022-12-05,0,0.0,1114692.296372318
2022-12-06,0,0.0,1114692.296372318
2022-12-07,0,0.0,1114692.296372318
2022-12-08,0,0.0,1114692.296372318
2022-12-09,0,0.0,1114692.296372318
2022-12-12,0,0.0,1114692.296372318
2022-12-13,0,0.0,1114692.296372318
2022-12-14,0,0.0,1114692.296372318
2022-12-15,0,0.0,1114692.296372318
2022-12-16,0,0.0,1114692.296372318
2022-12-19,0,0.0,1114692.296372318
2022-12-20,0,0.0,1114692.296372318
2022-12-21,0,0.0,1114692.296372318
2022-12-22,0,0.0,1114692.296372318
2022-12-23,0,0.0,1114692.296372318
2022-12-27,0,0.0,1114692.296372318
2022-12-28,0,0.0,1114692.296372318
2022-12-29,0,0.0,1114692.296372318
2022-12-30,0,0.0,1114692.296372318
2023-01-03,0,0.0,1114692.296372318
2023-01-04,0,0.0,1114692.296372318
2023-01-05,0,0.0,1114692.296372318
2023-01-06,0,0.0,1114692.296372318
2023-01-09,0,0.0,1114692.296372318
2023-01-10,0,0.0,1114692.296372318
2023-01-11,0,0.0,1114692.296372318
2023-01-12,0,0.0,1114692.296372318
2023-01-13,0,0.0,1114692.296372318
2023-01-17,0,0.0,1114692.296372318
2023-01-18,0,0.0,1114692.296372318
2023-01-19,0,0.0,1114692.296372318
2023-01-20,0,0.0,1114692.296372318
2023-01-23,0,0.0,1114692.296372318
2023-01-24,0,0.0,1114692.296372318
2023-01-25,0,0.0,1114692.296372318
2023-01-26,0,0.0,1114692.296372318
2023-01-27,0,0.0,1114692.296372318
2023-01-30,0,0.0,1114692.296372318
2023-01-31,0,0.0,1114692.296372318
2023-02-01,1,148602.99999999988,967796.535860818
2023-02-02,1,150032.99999999988,967796.535860818
2023-02-03,3,436231.0,682017.419838418
2023-02-06,3,434706.0,682017.419838418
2023-02-07,3,452201.0,682017.419838418
2023-02-08,3,448359.0,682017.419838418
2023-02-09,3,446469.0,682017.419838418
2023-02-10,3,447301.0,682017.419838418
2023-02-13,3,454451.0,682017.419838418
2023-02-14,3,450249.0,682017.419838418
2023-02-15,5,714685.9999999999,424299.74472351803
2023-02-16,5,703040.9999999999,424299.74472351803
2023-02-17,5,699496.9999999999,424299.74472351803
2023-02-21,3,442776.0000000001,665791.469465318
2023-02-22,2,304916.0,802429.6497101181
2023-02-23,1,159861.00000000012,946302.4149281181
2023-02-24,1,157885.00000000012,946302.4149281181
2023-02-27,1,157274.00000000012,946302.4149281181
2023-02-28,1,156910.00000000012,946302.4149281181
2023-03-01,0,0.0,1101982.813793018
2023-03-02,0,0.0,1101982.813793018
2023-03-03,0,0.0,1101982.813793018
2023-03-06,1,126583.99999999988,974817.675693018
2023-03-07,1,125029.99999999988,974817.675693018
2023-03-08,1,126451.99999999988,974817.675693018
2023-03-09,1,124503.99999999988,974817.675693018
2023-03-10,1,122966.00000000012,974817.675693018
2023-03-13,1,123293.99999999988,974817.675693018
2023-03-14,1,126491.99999999988,974817.675693018
2023-03-15,1,125207.99999999988,974817.675693018
2023-03-16,1,127299.99999999988,974817.675693018
2023-03-17,2,271010.0,829883.4624692181
2023-03-20,2,273691.0,829883.4624692181
2023-03-21,2,272866.0,829883.4624692181
2023-03-22,2,268984.0,829883.4624692181
2023-03-23,2,272746.0,829883.4624692181
2023-03-24,3,352369.9999999999,749273.7818177181
2023-03-27,3,351097.9999999999,749273.7818177181
2023-03-28,3,349932.9999999999,749273.7818177181
2023-03-29,3,351234.9999999999,749273.7818177181
2023-03-30,4,492842.0,609091.739817718
2023-03-31,4,502116.0,609091.739817718
2023-04-03,4,502145.0,609091.739817718
2023-04-04,4,498968.0,609091.739817718
2023-04-05,4,492125.0,609091.739817718
2023-04-06,4,491132.0,609091.739817718
2023-04-10,4,495239.0,609091.739817718
2023-04-11,4,493187.0,609091.739817718
2023-04-12,4,488127.0,609091.739817718
2023-04-13,3,359790.0,744246.850117018
2023-04-14,3,357026.0,744246.850117018
2023-04-17,3,356658.0,744246.850117018
2023-04-18,3,356904.0,744246.850117018
2023-04-19,4,506640.0000000001,598057.006317018
2023-04-20,4,504730.0000000001,598057.006317018
2023-04-21,4,527060.0,575788.768907418
2023-04-24,5,666580.9999999999,435648.781520018
2023-04-25,6,788305.0,295623.94366711803
2023-04-26,7,916773.0,164163.6116914181
2023-04-27,7,946435.0000000001,150517.10940771815
2023-04-28,8,1091017.0,9049.397822518164
2023-05-01,8,1084835.0,9049.397822518164
2023-05-02,6,846831.9999999999,239660.28279581814
2023-05-03,8,1051761.0,20303.05157021816
2023-05-04,8,1057399.0,9236.705760218145
2023-05-05,8,1069071.0,9236.705760218145
2023-05-08,8,1070824.0,9236.705760218145
2023-05-09,8,1071204.0,9236.705760218145
2023-05-10,8,1077495.0,9236.705760218145
2023-05-11,8,1076763.0,9236.705760218145
2023-05-12,8,1071684.0,9236.705760218145
2023-05-15,8,1075516.0,9236.705760218145
2023-05-16,9,1081690.0,2773.312323718146
2023-05-17,9,1088971.0,2773.312323718146
2023-05-18,9,1100059.0,2773.312323718146
2023-05-19,9,1074319.0,28223.539953818166
2023-05-22,9,1067906.0,28223.539953818166
2023-05-23,8,951552.0000000001,119992.11312021817
2023-05-24,4,461100.0,607298.9362025182
2023-05-25,4,468769.0,607298.9362025182
2023-05-26,5,604303.0,478263.3691421182
2023-05-30,5,605226.0,478263.3691421182
2023-05-31,5,605762.0,478263.3691421182
2023-06-01,7,1008315.0,96321.4739137183
2023-06-02,7,1010183.0,96321.4739137183
2023-06-05,7,989928.0,119095.82886771832
2023-06-06,8,1092121.0,11931.664260218342
2023-06-07,8,1076772.0,11931.664260218342
2023-06-08,7,987625.0,112405.90794171834
2023-06-09,7,989475.0,112405.90794171834
2023-06-12,7,999247.0,112405.90794171834
2023-06-13,7,1008193.0,112405.90794171834
2023-06-14,7,1008748.0,112405.90794171834
2023-06-15,8,1120010.0,15608.205340118351
2023-06-16,9,1123659.0,7138.206102418353
2023-06-20,10,1128144.0,629.7541524183534
2023-06-21,10,1126168.0,629.7541524183534
2023-06-22,10,1128614.0,629.7541524183534
2023-06-23,8,967121.9999999999,159000.65162551834
2023-06-26,9,1105991.0,16816.009025518346
2023-06-27,9,1123515.0,16816.009025518346
2023-06-28,9,1125868.0,16816.009025518346
2023-06-29,9,1129018.0,16816.009025518346
2023-06-30,9,1138507.0,16816.009025518346
2023-07-03,9,1132226.0,16816.009025518346
2023-07-05,9,1128378.0,16816.009025518346
2023-07-06,9,1118107.0,16816.009025518346
2023-07-07,10,1126091.9999999998,5509.326037918347
2023-07-10,9,1029706.9999999999,110384.84194151833
2023-07-11,10,1154062.0,8240.19573791833
2023-07-12,8,821086.0,343709.61870971834
2023-07-13,8,815135.0,343709.61870971834
2023-07-14,8,806253.0000000001,358563.9372745183
2023-07-17,9,963866.0,209470.32260451833
2023-07-18,8,806206.0,370219.1254919183
2023-07-19,8,797770.0,370219.1254919183
2023-07-20,8,785034.0,372697.37444301834
2023-07-21,8,780359.0,372697.37444301834
2023-07-24,9,957228.9999999999,197293.26096881842
2023-07-25,9,960742.9999999999,197293.26096881842
2023-07-26,9,959111.9999999999,197293.26096881842
2023-07-27,6,830856.0,320439.0001606184
2023-07-28,7,960961.0,200294.9797642184
2023-07-31,7,964143.0,200294.9797642184
2023-08-01,6,830058.0,337510.4087824184
2023-08-02,7,966343.0,189828.62753541843
2023-08-03,7,957742.0,198409.0786198184
2023-08-04,9,1144724.0,5890.071239118435
2023-08-07,7,895008.0,262742.8052952184
2023-08-08,7,893972.0,262742.8052952184
2023-08-09,6,757924.0,399215.2012902184
2023-08-10,6,763686.0,399215.2012902184
2023-08-11,6,764675.0,399215.2012902184
2023-08-14,6,766116.0,399215.2012902184
2023-08-15,6,760612.0,399215.2012902184
2023-08-16,6,756166.0,399215.2012902184
2023-08-17,6,751918.0,399215.2012902184
2023-08-18,7,899300.0,251522.4057399184
2023-08-21,9,1129138.0,26386.041086718426
2023-08-22,8,986960.0,166204.0830867184
2023-08-23,8,998806.0,166204.0830867184
2023-08-24,8,987113.0,166204.0830867184
2023-08-25,8,990869.0,166204.0830867184
2023-08-28,9,1104546.0,62259.09894371842
2023-08-29,9,1117787.0,62259.09894371842
2023-08-30,10,1172669.0,7960.5862753184265
2023-08-31,10,1173940.0,7960.5862753184265
2023-09-01,9,1030804.0,155650.38403991843
2023-09-05,9,1047421.9999999999,133028.02456071845
2023-09-06,9,1048635.0,133028.02456071845
2023-09-07,9,1046939.9999999999,133028.02456071845
2023-09-08,9,1046938.9999999999,133028.02456071845
2023-09-11,9,1041149.9999999999,133028.02456071845
2023-09-12,9,1041296.9999999999,133028.02456071845
2023-09-13,9,1034198.9999999999,133028.02456071845
2023-09-14,8,901725.0,273233.56227711844
2023-09-15,8,890993.0,273233.56227711844
2023-09-18,7,742374.0,424264.01254521846
2023-09-19,8,875370.0,275831.2560732185
2023-09-20,7,761767.0,381913.20193921844
2023-09-21,6,612921.9999999999,519437.07825631846
2023-09-22,2,216334.00000000012,915453.7056159185
2023-09-25,2,216894.00000000012,915453.7056159185
2023-09-26,2,217761.00000000012,915453.7056159185
2023-09-27,2,217746.00000000012,915453.7056159185
2023-09-28,2,218867.00000000012,915453.7056159185
2023-09-29,2,216676.00000000012,915453.7056159185
2023-10-02,2,214958.00000000012,915453.7056159185
2023-10-03,2,211336.00000000012,915453.7056159185
2023-10-04,0,0.0,1127144.2134057186
2023-10-05,1,146591.00000000012,980158.3358672186
2023-10-06,1,148716.00000000012,980158.3358672186
2023-10-09,1,148648.00000000012,980158.3358672186
2023-10-10,1,147509.00000000012,980158.3358672186
2023-10-11,1,147356.00000000012,980158.3358672186
2023-10-12,2,287530.0,837983.7062702186
2023-10-13,3,434372.0,688614.7340177186
2023-10-16,2,294109.0000000001,832875.9936524186
2023-10-17,3,443233.0,683381.8588624187
2023-10-18,3,441738.0,683381.8588624187
2023-10-19,3,438248.0,683381.8588624187
2023-10-20,3,433981.0,683381.8588624187
2023-10-23,3,432382.0,683381.8588624187
2023-10-24,2,294686.0,819250.0411759187
2023-10-25,2,293428.0,819250.0411759187
2023-10-26,2,290060.0,819250.0411759187
2023-10-27,0,0.0,1108917.0709891187
2023-10-30,0,0.0,1108917.0709891187
2023-10-31,0,0.0,1108917.0709891187
2023-11-01,0,0.0,1108917.0709891187
2023-11-02,0,0.0,1108917.0709891187
2023-11-03,0,0.0,1108917.0709891187
2023-11-06,0,0.0,1108917.0709891187
2023-11-07,1,113474.99999999988,995555.8588249186
2023-11-08,2,218530.00000000012,889906.6615713186
2023-11-09,2,215837.00000000012,889906.6615713186
2023-11-10,1,106696.0,1001598.3070224186
2023-11-13,1,107254.0,1001598.3070224186
2023-11-14,1,109308.0,1001598.3070224186
2023-11-15,1,109448.0,1001598.3070224186
2023-11-16,1,110688.0,1001598.3070224186
2023-11-17,1,109594.0,1001598.3070224186
2023-11-20,1,110168.0,1001598.3070224186
2023-11-21,1,110648.0,1001598.3070224186
2023-11-22,1,110964.0,1001598.3070224186
2023-11-24,1,110980.0,1001598.3070224186
2023-11-27,1,110952.0,1001598.3070224186
2023-11-28,1,110870.0,1001598.3070224186
2023-11-29,1,109816.0,1001598.3070224186
2023-11-30,1,110650.0,1001598.3070224186
2023-12-01,2,251633.00000000012,867143.7027384186
2023-12-04,2,249238.00000000012,867143.7027384186
2023-12-05,3,397486.9999999999,717861.8436120186
2023-12-06,3,399938.9999999999,717861.8436120186
2023-12-07,4,552647.0,567883.0794768187
2023-12-08,4,559662.0,567883.0794768187
2023-12-11,4,571470.0,567883.0794768187
2023-12-12,8,1130896.0,11351.361034118774
2023-12-13,8,1140794.0,11351.361034118774
2023-12-14,9,1142723.0000000002,13948.358402018779
2023-12-15,10,1160813.0,1773.5480543187805
2023-12-18,10,1164087.0,1773.5480543187805
2023-12-19,10,1170612.0,1773.5480543187805
2023-12-20,10,1153430.0,1773.5480543187805
2023-12-21,10,1171620.0,1773.5480543187805
2023-12-22,10,1174425.0,1773.5480543187805
2023-12-26,10,1181225.0,1773.5480543187805
2023-12-27,10,1182836.0,1773.5480543187805
2023-12-28,10,1179535.0,1773.5480543187805
2023-12-29,9,1024146.0,154535.7446426188
2024-01-02,9,996210.0,154535.7446426188
2024-01-03,5,530880.9999999999,606671.2645306188
2024-01-04,3,239115.0,897546.7217068188
2024-01-05,3,240590.0,897546.7217068188
2024-01-08,3,243080.0,897546.7217068188
2024-01-09,3,242079.0,897546.7217068188
2024-01-10,3,242599.0,897546.7217068188
2024-01-11,3,243939.0,897546.7217068188
2024-01-12,3,244788.0,897546.7217068188
2024-01-16,4,390503.9999999999,749800.8572406188
2024-01-17,5,527096.0000000001,610840.4016066188
2024-01-18,6,671465.0,469626.01899731875
2024-01-19,6,685335.0,469626.01899731875
2024-01-22,8,979509.0,184781.1161548188
2024-01-23,9,1124240.0,35715.53789321883
2024-01-24,10,1141622.0,5126.815028518835
2024-01-25,8,863241.0,285752.61102581886
2024-01-26,9,1007926.0,138267.08463761886
2024-01-29,9,1030194.0000000001,126161.5210129189
2024-01-30,9,1033721.0000000001,126161.5210129189
2024-01-31,10,1105177.0,37732.68631871893
2024-02-01,10,1117506.0,37732.68631871893
2024-02-02,10,1099155.0,37732.68631871893
2024-02-05,8,879721.9999999999,252363.36779171892
2024-02-06,8,881892.9999999999,252363.36779171892
2024-02-07,9,1017224.0,104511.36549371894
2024-02-08,9,1025550.0,100750.12197521894
2024-02-09,10,1118852.0,9204.239447118933
2024-02-12,8,959302.9999999999,163319.67494191893
2024-02-13,8,996112.0000000001,115842.20088881892
2024-02-14,6,717395.9999999999,410013.3690550189
2024-02-15,6,714484.9999999999,410013.3690550189
2024-02-16,6,705855.9999999999,410013.3690550189
2024-02-20,6,703041.9999999999,410013.3690550189
2024-02-21,6,697612.9999999999,410013.3690550189
2024-02-22,5,581551.0,543739.3392250189
2024-02-23,7,827834.0000000001,295790.3498369189
2024-02-26,7,829035.0000000001,295790.3498369189
2024-02-27,8,1088282.0,35700.20703741899
2024-02-28,9,1115117.0,2301.835530919001
2024-02-29,9,1118486.0,2301.835530919001
2024-03-01,9,1140504.0,2301.835530919001
2024-03-04,9,1116727.0,21975.154533919005
2024-03-05,10,1104642.0,7059.785265119006
2024-03-06,9,975282.0,146303.57459261903
2024-03-07,10,1118829.0,16334.795652619054
2024-03-08,10,1104332.0,16334.795652619054
2024-03-11,9,962993.0,143961.71307752206
2024-03-12,8,857902.0,257483.97617852205
2024-03-13,8,849793.0,257483.97617852205
2024-03-14,8,840888.0,257483.97617852205
2024-03-15,6,552115.0000000001,546339.590146222
2024-03-18,8,826777.0,269688.32765862206
2024-03-19,8,832796.0,269688.32765862206
2024-03-20,8,837886.0,269688.32765862206
2024-03-21,8,846690.0,269688.32765862206
2024-03-22,9,963154.0000000001,149332.0315986221
2024-03-25,9,961927.0000000001,149332.0315986221
2024-03-26,9,959193.0000000001,149332.0315986221
2024-03-27,9,966792.9999999999,149332.0315986221
2024-03-28,10,1102081.0,12794.72269062209
2024-04-01,10,1099645.0,12794.72269062209
2024-04-02,10,1092398.0,12794.72269062209
2024-04-03,9,1000727.0000000001,108170.60134062209
2024-04-04,8,849046.9999999999,254008.8087490221
2024-04-05,7,843898.0,269101.1676826221
2024-04-08,7,845400.0,269101.1676826221
2024-04-09,7,843163.0,269101.1676826221
2024-04-10,6,704894.9999999999,400797.77884302207
2024-04-11,4,449384.0,661464.5493448221
2024-04-12,4,444785.0,661464.5493448221
2024-04-15,4,440920.0,661464.5493448221
2024-04-16,3,314470.0,785673.904356122
2024-04-17,2,277865.0,821040.878080022
2024-04-18,1,136720.0,962306.036814722
2024-04-19,1,137100.0,962306.036814722
2024-04-22,1,140260.0,962306.036814722
2024-04-23,1,141700.0,962306.036814722
2024-04-24,1,142400.0,962306.036814722
2024-04-25,3,431604.0,678457.427770722
2024-04-26,3,432788.0,678457.427770722
2024-04-29,4,577281.0,533068.624210722
2024-04-30,5,714306.0000000001,385877.480110722
2024-05-01,4,558236.0,538359.041914722
2024-05-02,5,703645.9999999999,392059.055081722
2024-05-03,5,700872.9999999999,392059.055081722
2024-05-06,4,566462.9999999999,527754.4622433219
2024-05-07,4,571041.9999999999,527754.4622433219
2024-05-08,4,566804.9999999999,527754.4622433219
2024-05-09,4,571702.9999999999,527754.4622433219
2024-05-10,4,568770.9999999999,527754.4622433219
2024-05-13,3,439870.0,660794.824657372
2024-05-14,3,442720.0,660794.824657372
2024-05-15,3,447166.0,660794.824657372
2024-05-16,3,449220.0,660794.824657372
2024-05-17,3,448372.0,660794.824657372
2024-05-20,3,449756.0,660794.824657372
2024-05-21,2,291240.0,818325.815178172
2024-05-22,2,289692.0,818325.815178172
2024-05-23,2,284130.0,818325.815178172
2024-05-24,2,259871.99999999988,842011.488384172
2024-05-28,1,117588.0,982812.2514793719
2024-05-29,1,116042.0,982812.2514793719
2024-05-30,1,112946.0,982812.2514793719
2024-05-31,1,112160.0,982812.2514793719
2024-06-03,3,401487.0,688014.423654872
2024-06-04,3,401244.0,688014.423654872
2024-06-05,2,267181.9999999999,827488.912751672
2024-06-06,3,388607.9999999999,703151.446698872
2024-06-07,3,388481.9999999999,703151.446698872
2024-06-10,3,387637.9999999999,703151.446698872
2024-06-11,3,387084.9999999999,703151.446698872
2024-06-12,2,246608.0,848774.933542772
2024-06-13,2,244178.0,848774.933542772
2024-06-14,2,245776.0,848774.933542772
2024-06-17,3,386710.0,714778.924796172
2024-06-18,3,391696.0,714778.924796172
2024-06-20,3,387607.0,714778.924796172
2024-06-21,4,517152.0,585139.5736548719
2024-06-24,9,1086219.0000000002,8458.689275272038
2024-06-25,9,1099909.9900000002,8458.689275272038
2024-06-26,9,1098530.0000000002,8458.689275272038
2024-06-27,9,1101641.0,8458.689275272038
2024-06-28,9,1092596.0,8458.689275272038
2024-07-01,9,1091928.0000000002,8458.689275272038
2024-07-02,9,1101483.0000000002,8458.689275272038
2024-07-03,9,1099513.0,8458.689275272038
2024-07-05,8,1012891.0,111072.14899937203
2024-07-08,8,1007415.0,111072.14899937203
2024-07-09,8,1004966.0,111072.14899937203
2024-07-10,8,1014015.0,111072.14899937203
2024-07-11,9,1097279.0,10021.92402367205
2024-07-12,8,968625.0,140402.24818867206
2024-07-15,7,923835.0,185673.33278767206
2024-07-16,7,923862.0,185673.33278767206
2024-07-17,5,616551.0,479407.0702224721
2024-07-18,3,373626.0,721851.555050472
2024-07-19,3,365321.0,721851.555050472
2024-07-22,3,407822.9999999999,681358.665445122
2024-07-23,3,406005.9999999999,681358.665445122
2024-07-24,3,402670.9999999999,681358.665445122
2024-07-25,2,268972.0,802874.525747322
2024-07-26,2,272375.0,802874.525747322
2024-07-29,2,274988.0,802874.525747322
2024-07-30,2,272802.0,802874.525747322
2024-07-31,3,410512.9999999999,652999.3102456221
2024-08-01,3,430370.0,634659.1537525221
2024-08-02,4,574625.0,487017.4245175221
2024-08-05,6,831495.0,210014.70562462212
2024-08-06,4,557693.0,488579.1842027221
2024-08-07,4,557295.0,488579.1842027221
2024-08-08,4,566213.0,488579.1842027221
2024-08-09,4,566626.0,488579.1842027221
2024-08-12,4,567007.0,488579.1842027221
2024-08-13,4,569397.0,488579.1842027221
2024-08-14,4,570677.0,488579.1842027221
2024-08-15,4,572138.0,488579.1842027221
2024-08-16,4,572904.0,488579.1842027221
2024-08-19,4,578635.5,488579.1842027221
2024-08-20,4,578471.0,488579.1842027221
2024-08-21,4,584041.0,488579.1842027221
2024-08-22,4,583881.0,488579.1842027221
2024-08-23,4,586828.0,488579.1842027221
2024-08-26,3,433305.0000000001,643950.9846749221
2024-08-27,3,437404.5000000001,643950.9846749221
2024-08-28,3,431381.0000000001,643950.9846749221
2024-08-29,3,433501.0000000001,643950.9846749221
2024-08-30,3,435312.0000000001,643950.9846749221
2024-09-03,4,568308.0,506983.1166379221
2024-09-04,5,727879.0,346934.5418882221
2024-09-05,5,723656.0,346934.5418882221
2024-09-06,4,584365.9999999999,484920.9675380221
2024-09-09,4,589516.9999999999,484920.9675380221
2024-09-10,5,677176.0,404114.0307274221
2024-09-11,6,820631.0000000001,257413.52377442212
2024-09-12,7,922611.0,107536.89226982213
2024-09-13,6,842398.0,192354.21753132215
2024-09-16,6,842690.0,192354.21753132215
2024-09-17,5,736770.0,297075.93358872214
2024-09-18,5,735430.0,297075.93358872214
2024-09-19,6,870720.0,159337.06432072216
2024-09-20,7,1023571.0,9861.9542364222
2024-09-23,8,1034254.0,4649.1848746221995
2024-09-24,8,1033811.0,4649.1848746221995
2024-09-25,8,1030117.0,4649.1848746221995
2024-09-26,8,1024302.0,4649.1848746221995
2024-09-27,8,1033643.0,4649.1848746221995
2024-09-30,8,1037499.0,4649.1848746221995
2024-10-01,8,1040173.0,4649.1848746221995
2024-10-02,8,1044211.0,4649.1848746221995
2024-10-03,8,1038208.0,4649.1848746221995
2024-10-04,7,896007.0,150779.0127706222
2024-10-07,7,882976.0,150779.0127706222
2024-10-08,5,583827.0,450922.56058057223
2024-10-09,5,588117.0,450922.56058057223
2024-10-10,5,586721.0,450922.56058057223
2024-10-11,6,742088.0,302238.47773327224
2024-10-14,6,736189.5,302238.47773327224
2024-10-15,6,731638.0,302238.47773327224
2024-10-16,6,738320.0,302238.47773327224
2024-10-17,7,890797.0,152884.52498527226
2024-10-18,8,1035412.0,11741.234697272273
2024-10-21,9,1046385.9999999999,915.1758536722755
2024-10-22,8,898138.0,148321.3427330723
2024-10-23,7,744398.0,296998.8550943723
2024-10-24,7,750419.0,296998.8550943723
2024-10-25,6,594961.0000000001,457790.7818607263
2024-10-28,6,600368.0000000001,457790.7818607263
2024-10-29,7,756291.0,309321.9785779263
2024-10-30,7,752555.0,309321.9785779263
2024-10-31,6,600506.9999999999,458259.15301722626
2024-11-01,8,1026282.0,29548.210175226268
2024-11-04,9,1043936.9999999999,9877.665781726271
2024-11-05,8,944805.0,126430.34590872633
2024-11-06,9,1088272.0,12698.652633526348
2024-11-07,9,1076909.0,41121.39578102634
2024-11-08,10,1094040.5,7277.445641026345
2024-11-11,8,830988.0,287639.58475912636
2024-11-12,9,938947.0,180700.71271912637
2024-11-13,8,891620.0000000001,219869.73848512638
2024-11-14,9,1033120.0,72202.9767426264
2024-11-15,9,1019244.0,64510.55114722642
2024-11-18,6,863510.0,224867.86351702642
2024-11-19,4,577528.0,509931.8836475264
2024-11-20,4,585322.0,509931.8836475264
2024-11-21,4,593365.0,509931.8836475264
2024-11-22,3,416546.9999999999,683645.8138295264
2024-11-25,3,412555.9999999999,683645.8138295264
2024-11-26,3,415051.9999999999,683645.8138295264
2024-11-27,3,414923.9999999999,683645.8138295264
2024-11-29,3,415334.9999999999,683645.8138295264
2024-12-02,3,414573.9999999999,683645.8138295264
2024-12-03,3,415471.9999999999,683645.8138295264
2024-12-04,3,416252.0000000001,683645.8138295264
2024-12-05,4,556952.0,540115.4236263265
2024-12-06,4,557627.0,540115.4236263265
2024-12-09,3,400820.9999999999,693322.0418481264
2024-12-10,4,533844.0,553996.1116046265
2024-12-11,4,537628.0,553996.1116046265
2024-12-12,4,535725.0,553996.1116046265
2024-12-13,4,532241.0,553996.1116046265
2024-12-16,3,393653.0000000001,696029.2708700266
2024-12-17,4,533291.0000000001,552947.4632012266
2024-12-18,4,512595.0000000001,552947.4632012266
2024-12-19,1,133415.0,934218.2806313266
2024-12-20,1,136520.0,934218.2806313266
2024-12-23,3,406679.0,657433.8452038267
2024-12-24,3,410314.0,657433.8452038267
2024-12-26,3,410963.0,657433.8452038267
2024-12-27,3,405378.0,657433.8452038267
2024-12-30,3,399838.0,657433.8452038267
2024-12-31,2,254225.0,800491.6709770267
2025-01-02,0,0.0,1054965.5009185267
2025-01-03,0,0.0,1054965.5009185267
2025-01-06,0,0.0,1054965.5009185267
2025-01-07,0,0.0,1054965.5009185267
2025-01-08,0,0.0,1054965.5009185267
2025-01-10,0,0.0,1054965.5009185267
2025-01-13,0,0.0,1054965.5009185267
2025-01-14,0,0.0,1054965.5009185267
2025-01-15,0,0.0,1054965.5009185267
2025-01-16,0,0.0,1054965.5009185267
2025-01-17,0,0.0,1054965.5009185267
2025-01-21,1,143632.0,907237.6598577267
2025-01-22,1,143760.0,907237.6598577267
2025-01-23,1,143568.0,907237.6598577267
2025-01-24,1,142576.0,907237.6598577267
2025-01-27,2,276359.9999999999,781752.7036611267
2025-01-28,3,418859.9999999999,640995.9152889267
2025-01-29,3,419555.9999999999,640995.9152889267
2025-01-30,4,542800.0,519430.04846652667
2025-01-31,4,543376.0,519430.04846652667
2025-02-03,4,548088.0,519430.04846652667
2025-02-04,5,685774.0,370020.02290172665
2025-02-05,6,831497.0000000001,225724.70826682667
2025-02-06,8,1044837.9999999999,15192.308489126692
2025-02-07,6,764346.0,283496.1401850267
2025-02-10,5,634340.0000000001,421643.3565831267
2025-02-11,5,635199.0000000001,421643.3565831267
2025-02-12,5,634100.0000000001,421643.3565831267
2025-02-13,5,638626.0000000001,421643.3565831267
2025-02-14,6,795696.9999999999,274344.3624668267
2025-02-18,6,793882.0,277165.80342682666
2025-02-19,6,794657.0,277165.80342682666
2025-02-20,7,931555.0000000001,134402.40925342668
2025-02-21,7,919301.0000000001,134402.40925342668
2025-02-24,6,859364.0,198310.8806659267
2025-02-25,7,1010440.0,50320.69892652676
2025-02-26,8,1049502.0,4559.272615926762
2025-02-27,8,1028227.0,4559.272615926762
2025-02-28,6,766191.0,273510.56171631673
2025-03-03,8,1032083.0,7174.194269166779
2025-03-04,8,1014938.0,7174.194269166779
2025-03-05,7,878526.0,139178.4051219668
2025-03-06,5,594002.0,413555.33334216673
2025-03-07,3,331694.0,679577.1348525668
2025-03-10,3,327400.0,679577.1348525668
2025-03-11,2,176394.0,822634.9606257668
2025-03-12,0,0.0,998563.0093728668
2025-03-13,0,0.0,998563.0093728668
2025-03-14,0,0.0,998563.0093728668
2025-03-17,0,0.0,998563.0093728668
2025-03-18,0,0.0,998563.0093728668
2025-03-19,0,0.0,998563.0093728668
2025-03-20,0,0.0,998563.0093728668
2025-03-21,0,0.0,998563.0093728668
2025-03-24,0,0.0,998563.0093728668
2025-03-25,0,0.0,998563.0093728668
2025-03-26,0,0.0,998563.0093728668
2025-03-27,0,0.0,998563.0093728668
2025-03-28,0,0.0,998563.0093728668
2025-03-31,0,0.0,998563.0093728668
2025-04-01,0,0.0,998563.0093728668
2025-04-02,0,0.0,998563.0093728668
2025-04-03,0,0.0,998563.0093728668
2025-04-04,0,0.0,998563.0093728668
2025-04-07,0,0.0,998563.0093728668
2025-04-08,0,0.0,998563.0093728668
2025-04-09,0,0.0,998563.0093728668
2025-04-10,0,0.0,998563.0093728668
2025-04-11,0,0.0,998563.0093728668
2025-04-14,0,0.0,998563.0093728668
2025-04-15,0,0.0,998563.0093728668
2025-04-16,0,0.0,998563.0093728668
2025-04-17,0,0.0,998563.0093728668
2025-04-21,0,0.0,998563.0093728668
2025-04-22,0,0.0,998563.0093728668
2025-04-23,0,0.0,998563.0093728668
2025-04-24,0,0.0,998563.0093728668
2025-04-25,0,0.0,998563.0093728668
2025-04-28,0,0.0,998563.0093728668
2025-04-29,0,0.0,998563.0093728668
2025-04-30,0,0.0,998563.0093728668
2025-05-01,0,0.0,998563.0093728668
2025-05-02,0,0.0,998563.0093728668
2025-05-05,0,0.0,998563.0093728668
2025-05-06,0,0.0,998563.0093728668
2025-05-07,0,0.0,998563.0093728668
2025-05-08,0,0.0,998563.0093728668
2025-05-09,0,0.0,998563.0093728668
2025-05-12,0,0.0,998563.0093728668
2025-05-13,0,0.0,998563.0093728668
2025-05-14,0,0.0,998563.0093728668
2025-05-15,0,0.0,998563.0093728668
2025-05-16,0,0.0,998563.0093728668
2025-05-19,2,289090.0,709844.5763198169
2025-05-20,2,289507.0,709844.5763198169
2025-05-21,3,429978.0,561844.3815774169
2025-05-22,3,431933.0,561844.3815774169
2025-05-23,3,434588.0,561844.3815774169
2025-05-27,3,437330.0,561844.3815774169
2025-05-28,3,434771.0,561844.3815774169
2025-05-29,2,295028.0,699465.2829174169
2025-05-30,2,301021.0,699465.2829174169
2025-06-02,8,993150.0,15302.821735217007
2025-06-03,8,998192.0,15302.821735217007
2025-06-04,8,996467.0,15302.821735217007
2025-06-05,8,1002280.0,15302.821735217007
2025-06-06,8,1010670.0,15302.821735217007
2025-06-09,8,1002859.0,15302.821735217007
2025-06-10,8,999506.0,15302.821735217007
2025-06-11,7,901205.0,109492.74377896701
2025-06-12,7,909559.0,109492.74377896701
2025-06-13,7,903439.0,109492.74377896701
2025-06-16,7,908929.0,109492.74377896701
2025-06-17,7,906737.0,109492.74377896701
2025-06-18,7,907068.0,109492.74377896701
2025-06-20,6,773251.0,242291.920070567
2025-06-23,8,1018103.0,6116.219609866996
2025-06-24,8,1014904.0,6116.219609866996
2025-06-25,8,998794.0,14111.133120866987
2025-06-26,8,999006.0,14111.133120866987
2025-06-27,8,998918.0,14111.133120866987
2025-06-30,8,998715.0,21573.27696716701
2025-07-01,8,985432.0,21573.27696716701
2025-07-02,9,997881.0,7759.33802836701
2025-07-03,9,1011296.0,7759.33802836701
2025-07-07,8,862553.0,156779.40459256698
2025-07-08,8,860404.0,156779.40459256698
2025-07-09,8,867098.0,156779.40459256698
2025-07-10,8,851037.0,156779.40459256698
2025-07-11,7,693747.0,310906.824490967
2025-07-14,8,849596.0,161376.64289016702
2025-07-15,8,842000.0,161376.64289016702
2025-07-16,6,595286.0,405133.419912367
2025-07-17,6,598837.0,405133.419912367
2025-07-18,6,597542.0,405133.419912367
2025-07-21,5,460618.0,544197.443185867
2025-07-22,5,465494.0,544197.443185867
2025-07-23,5,467091.0,544197.443185867
2025-07-24,7,752134.0,260461.98107576708
2025-07-25,8,1009880.0,13277.217334267101
2025-07-28,8,1010091.0,13277.217334267101
2025-07-29,9,1016366.0,6094.890282367102
2025-07-30,9,1012755.0,6094.890282367102
2025-07-31,7,923977.0,25964.532101017103
2025-08-01,6,830262.0,96915.96847956712
2025-08-04,4,578057.0,362404.4640297671
2025-08-05,4,577313.0,362404.4640297671
2025-08-06,4,580151.0,362404.4640297671
2025-08-07,5,712715.0,225907.2071337671
2025-08-08,6,852214.0,93236.91998436712
2025-08-11,7,931360.0,6364.10595636713
2025-08-12,7,943244.0,6364.10595636713
2025-08-13,7,939663.0,6364.10595636713
2025-08-14,7,936000.0,6364.10595636713
2025-08-15,5,728789.0,212390.98434486712
2025-08-18,6,868771.0,67602.96096486715
2025-08-19,6,871190.0,67602.96096486715
2025-08-20,6,861559.0,67602.96096486715
2025-08-21,6,866899.0,67602.96096486715
2025-08-22,6,878827.0,67602.96096486715
2025-08-25,5,728563.0,220480.00808766714
2025-08-26,5,721921.0,220480.00808766714
2025-08-27,5,721681.0,220480.00808766714
2025-08-28,5,727687.0,220480.00808766714
2025-08-29,5,726836.0,220480.00808766714
2025-09-02,5,724478.0,220480.00808766714
2025-09-03,6,902062.0,80738.53821966716
2025-09-04,4,576900.0,402183.71222871717
2025-09-05,5,718858.0,260886.22169451718
2025-09-08,5,719118.0,260886.22169451718
2025-09-09,5,727975.0,255341.91234471716
2025-09-10,5,710879.0,255341.91234471716
2025-09-11,4,585798.0,391289.9906822172
2025-09-12,4,577514.0,391289.9906822172
2025-09-15,4,586970.0,385756.49703211716
2025-09-16,4,589768.0,385756.49703211716
2025-09-17,5,739847.0,239530.60642131718
2025-09-18,5,728158.0,239530.60642131718
2025-09-19,4,578194.0,380820.7326635171
2025-09-22,7,952502.0,6296.371052117174
2025-09-23,6,817104.0,142017.74442151716
2025-09-24,5,677648.0,280357.70997751714
2025-09-25,5,680658.0,280357.70997751714
2025-09-26,5,687516.0,280357.70997751714
2025-09-29,5,693630.0,280357.70997751714
2025-09-30,5,692432.0,280357.70997751714
2025-10-01,5,693512.0,280357.70997751714
2025-10-02,6,816846.0,160117.56475231715
2025-10-03,6,815894.0,160117.56475231715
2025-10-06,6,812620.0,160117.56475231715
2025-10-07,6,814670.0,160117.56475231715
2025-10-08,6,810740.0,160117.56475231715
2025-10-09,5,762720.0,202630.84613821714
2025-10-10,5,743306.0,202630.84613821714
2025-10-13,3,450628.0,500389.3527981171
2025-10-14,2,306172.0,647927.3481171171
2025-10-15,2,308060.0,647927.3481171171
2025-10-16,2,308208.0,647927.3481171171
2025-10-17,2,310520.0,647927.3481171171
2025-10-20,2,311014.0,647927.3481171171
2025-10-21,3,440733.0,516817.0868351171
2025-10-22,3,435591.0,516817.0868351171
2025-10-23,3,434018.0,516817.0868351171
2025-10-24,3,436032.0,516817.0868351171
2025-10-27,3,439597.0,516817.0868351171
2025-10-28,4,580192.0,372521.7032027171
2025-10-29,6,829886.0,117396.39456451719
2025-10-30,5,677283.0,263546.19646651717
2025-10-31,4,535597.0,405177.8782113172
2025-11-03,3,432995.0,509003.7600996172
2025-11-04,3,432485.0,509003.7600996172
2025-11-05,3,433933.0,509003.7600996172
2025-11-06,3,430532.0,509003.7600996172
2025-11-07,3,418407.0,509003.7600996172
2025-11-10,2,280443.0,648004.8652542172
2025-11-11,2,284082.0,648004.8652542172
2025-11-12,2,283300.0,648004.8652542172
2025-11-13,2,282122.0,648004.8652542172
2025-11-14,2,280727.0,648004.8652542172
2025-11-17,2,277199.0,648004.8652542172
2025-11-18,2,277630.0,648004.8652542172
2025-11-19,2,278685.0,648004.8652542172
2025-11-20,4,509346.99999999994,403975.9665406172
2025-11-21,4,532069.0,403975.9665406172
2025-11-24,4,549497.0,403975.9665406172
2025-11-25,6,854097.0,109233.21023261728
2025-11-26,6,853458.0,109233.21023261728
2025-11-28,6,854849.0,109233.21023261728
2025-12-01,6,855684.0,109233.21023261728
2025-12-02,7,955120.0,7696.353311117287
2025-12-03,7,959420.0,7696.353311117287
2025-12-04,7,954205.0,7696.353311117287
2025-12-05,7,953857.0,7696.353311117287
2025-12-08,7,942399.0,7696.353311117287
2025-12-09,6,800890.0,149262.1208361173
2025-12-10,7,943897.0,17440.93634111731
2025-12-11,6,772717.0,181144.8934162173
2025-12-12,5,623799.0,326835.29318021727
2025-12-15,5,621091.0,326835.29318021727
2025-12-16,4,479380.0,463068.00110321725
2025-12-17,4,469287.0,463068.00110321725
2025-12-18,2,232460.0,704665.5880768173
2025-12-19,2,236740.0,704665.5880768173
2025-12-22,5,639115.0,307324.5965293174
2025-12-23,5,638401.0,307324.5965293174
2025-12-24,5,638571.0,307324.5965293174
2025-12-26,5,638426.0,307324.5965293174
2025-12-29,5,635915.0,307324.5965293174
2025-12-30,5,631945.0,307324.5965293174
2025-12-31,5,624602.0,307324.5965293174
2026-01-02,5,634070.0,307324.5965293174
2026-01-05,5,646940.0,307324.5965293174
2026-01-06,5,661362.0,307324.5965293174
2026-01-07,8,960236.9900000001,8883.036913117438
2026-01-08,8,957960.0,8883.036913117438
2026-01-09,8,964691.0,8883.036913117438
2026-01-12,7,818549.0,150918.19357911742
2026-01-13,7,820845.99,150918.19357911742
2026-01-14,6,705804.0,257571.39601671742
2026-01-15,6,722542.0,257571.39601671742
2026-01-16,6,724314.99,257571.39601671742
2026-01-20,6,714596.01,257571.39601671742
2026-01-21,5,598578.0,383337.7247957174
2026-01-22,6,736037.0,245500.72809831743
2026-01-23,6,736378.0,245500.72809831743
2026-01-26,6,739221.0,245500.72809831743
2026-01-27,6,747183.0,245500.72809831743
2026-01-28,7,902375.5,102613.17268771745
2026-01-29,6,740852.0,266692.65106262045
2026-01-30,6,735354.0,266692.65106262045
2026-02-02,6,747082.0,266692.65106262045
2026-02-03,6,743536.0,266692.65106262045
2026-02-04,5,656114.0,367321.69329062046
2026-02-05,5,658517.0,367321.69329062046
2026-02-06,6,814072.0,224824.64499702048
2026-02-09,6,810840.0,224824.64499702048
2026-02-10,6,810544.0,224824.64499702048
2026-02-11,6,824077.0,224824.64499702048
2026-02-12,6,807023.0,224824.64499702048
2026-02-13,5,667450.0,372408.58052982047
2026-02-17,6,814744.0,225379.64707842047
2026-02-18,6,818087.0,225379.64707842047
2026-02-19,6,809517.0,225379.64707842047
2026-02-20,6,821978.0,225379.64707842047
2026-02-23,5,648701.9999999999,401415.5554579204
2026-02-24,5,649122.9999999999,401415.5554579204
2026-02-25,5,648029.9999999999,401415.5554579204
2026-02-26,5,646490.0,401415.5554579204
2026-02-27,3,342140.0,711797.6268937204
2026-03-02,4,479028.0,569449.7723448204
2026-03-03,5,609810.0,425246.50834002043
2026-03-04,3,436443.0,612692.0682968704
2026-03-05,3,428518.0,612692.0682968704
2026-03-06,2,286959.0,751549.8837204704
2026-03-09,2,286827.0,751549.8837204704
2026-03-10,2,280092.0,751549.8837204704
2026-03-11,3,427864.0,601993.1676617204
2026-03-12,3,420329.0,601993.1676617204
2026-03-13,2,286698.0,737882.3226815204
2026-03-16,2,285694.0,737882.3226815204
2026-03-17,1,149776.0,878219.6888375203
2026-03-18,1,151744.0,878219.6888375203
2026-03-19,1,152248.0,878219.6888375203
2026-03-20,1,154032.0,878219.6888375203
2026-03-23,1,153424.0,878219.6888375203
2026-03-24,1,157648.0,878219.6888375203
2026-03-25,1,156816.0,878219.6888375203
2026-03-26,1,161752.0,878219.6888375203
2026-03-27,1,161472.0,878219.6888375203
2026-03-30,1,158920.0,878219.6888375203
2026-03-31,1,158232.0,878219.6888375203
2026-04-01,1,152496.0,878219.6888375203
2026-04-02,1,155104.0,878219.6888375203
2026-04-06,1,155416.0,878219.6888375203
2026-04-07,1,156400.0,878219.6888375203
2026-04-08,1,149176.0,878219.6888375203
2026-04-09,0,0.0,1028400.2451503202
2026-04-10,0,0.0,1028400.2451503202
2026-04-13,0,0.0,1028400.2451503202
2026-04-14,0,0.0,1028400.2451503202
2026-04-15,0,0.0,1028400.2451503202
2026-04-16,0,0.0,1028400.2451503202
2026-04-17,0,0.0,1028400.2451503202
2026-04-20,0,0.0,1028400.2451503202
2026-04-21,0,0.0,1028400.2451503202
2026-04-22,0,0.0,1028400.2451503202
2026-04-23,0,0.0,1028400.2451503202
2026-04-24,1,151668.0,881998.1256867202
2026-04-27,1,150436.0,881998.1256867202
2026-04-28,1,148874.0,881998.1256867202
2026-04-29,1,151382.0,881998.1256867202
2026-04-30,2,300730.0,735287.6057307202
2026-05-01,3,447996.0,585783.4579377202
2026-05-04,4,583655.0,445774.1402394703
